date,open,close,high,low,volume
2005-03-22,6.4,6.39,6.41,6.39,8278.0
2005-03-23,6.39,6.39,6.4,6.39,5689.0
2005-03-24,6.4,6.4,6.4,6.39,5197.0
2005-03-28,6.4,6.41,6.41,6.39,9699.0
2005-03-29,6.41,6.4,6.41,6.39,13763.0
2005-03-30,6.4,6.4,6.4,6.39,10961.0
2005-03-31,6.4,6.4,6.4,6.39,8788.0
2005-04-01,6.39,6.42,6.43,6.39,13150.0
2005-04-04,6.43,6.43,6.44,6.42,14800.0
2005-04-05,6.43,6.43,6.44,6.41,15011.0
2005-04-06,6.43,6.44,6.45,6.43,14182.0
2005-04-07,6.39,6.33,6.4,6.32,54957.0
2005-04-08,6.32,6.25,6.33,6.22,86138.0
2005-04-11,6.25,6.28,6.28,6.24,34424.0
2005-04-12,6.28,6.34,6.37,6.27,43327.0
2005-04-13,6.34,6.35,6.36,6.33,22307.0
2005-04-14,6.35,6.32,6.36,6.32,18164.0
2005-04-15,6.32,6.32,6.33,6.31,9937.0
2005-04-18,6.32,6.29,6.32,6.27,20010.0
2005-04-19,6.3,6.29,6.32,6.28,9906.0
2005-04-20,6.28,6.28,6.3,6.28,6055.0
2005-04-21,6.29,6.3,6.3,6.28,9621.0
2005-04-22,6.29,6.29,6.3,6.28,8934.0
2005-04-25,6.29,6.27,6.3,6.27,11459.0
2005-04-26,6.27,6.3,6.3,6.26,13655.0
2005-04-27,6.3,6.29,6.31,6.29,7189.0
2005-04-28,6.29,6.3,6.31,6.29,8938.0
2005-04-29,6.3,6.3,6.31,6.3,5874.0
2005-05-02,6.3,6.34,6.35,6.29,12192.0
2005-05-03,6.34,6.31,6.35,6.31,8237.0
2005-05-04,6.32,6.3,6.32,6.29,15873.0
2005-05-05,6.3,6.3,6.31,6.3,4523.0
2005-05-06,6.3,6.3,6.31,6.28,6689.0
2005-05-09,6.3,6.32,6.33,6.3,4615.0
2005-05-10,6.32,6.32,6.33,6.31,2669.0
2005-05-11,6.33,6.3,6.33,6.29,14102.0
2005-05-12,6.3,6.31,6.32,6.3,3334.0
2005-05-13,6.31,6.32,6.33,6.3,5856.0
2005-05-16,6.32,6.3,6.33,6.3,10668.0
2005-05-17,6.31,6.3,6.31,6.29,9102.0
2005-05-18,6.3,6.3,6.31,6.29,7461.0
2005-05-19,6.31,6.31,6.32,6.3,8225.0
2005-05-20,6.31,6.32,6.33,6.3,9537.0
2005-05-23,6.31,6.34,6.35,6.31,14761.0
2005-05-24,6.34,6.34,6.36,6.33,11877.0
2005-05-25,6.34,6.34,6.35,6.33,8590.0
2005-05-26,6.34,6.32,6.35,6.32,15334.0
2005-05-27,6.32,6.31,6.33,6.3,15044.0
2005-05-31,6.31,6.33,6.33,6.3,14534.0
2005-06-01,6.33,6.34,6.34,6.32,10466.0
2005-06-02,6.34,6.38,6.38,6.34,21877.0
2005-06-03,6.37,6.36,6.38,6.35,15926.0
2005-06-06,6.35,6.41,6.42,6.35,30873.0
2005-06-07,6.41,6.39,6.42,6.39,16631.0
2005-06-08,6.39,6.41,6.42,6.39,18716.0
2005-06-09,6.41,6.4,6.42,6.4,11569.0
2005-06-10,6.41,6.41,6.41,6.39,24242.0
2005-06-13,6.41,6.42,6.42,6.4,31935.0
2005-06-14,6.42,6.42,6.43,6.41,20829.0
2005-06-15,6.41,6.45,6.46,6.38,30150.0
2005-06-16,6.45,6.46,6.46,6.43,30378.0
2005-06-17,6.46,6.48,6.49,6.46,57550.0
2005-06-20,6.48,6.56,6.56,6.48,111098.0
2005-06-21,6.56,6.54,6.57,6.53,69163.0
2005-06-22,6.54,6.5,6.54,6.5,45665.0
2005-06-23,6.5,6.54,6.55,6.5,47771.0
2005-06-24,6.54,6.54,6.56,6.54,34070.0
2005-06-27,6.55,6.61,6.63,6.55,136524.0
2005-06-28,6.61,6.59,6.62,6.58,60391.0
2005-06-29,6.6,6.62,6.63,6.58,59991.0
2005-06-30,6.62,6.61,6.64,6.61,58991.0
2005-07-01,6.61,6.61,6.62,6.6,25387.0
2005-07-05,6.61,6.63,6.63,6.61,34480.0
2005-07-06,6.63,6.65,6.65,6.62,55032.0
2005-07-07,6.65,6.65,6.67,6.65,46456.0
2005-07-08,6.66,6.63,6.66,6.63,23004.0
2005-07-11,6.63,6.61,6.64,6.6,20980.0
2005-07-12,6.61,6.61,6.62,6.6,15808.0
2005-07-13,6.61,6.58,6.61,6.58,26717.0
2005-07-14,6.59,6.59,6.59,6.58,20440.0
2005-07-15,6.58,6.59,6.6,6.58,12641.0
2005-07-18,6.59,6.58,6.59,6.57,15446.0
2005-07-19,6.58,6.6,6.6,6.57,5908.0
2005-07-20,6.6,6.6,6.61,6.59,16160.0
2005-07-21,6.6,6.59,6.6,6.59,8931.0
2005-07-22,6.59,6.6,6.6,6.59,6710.0
2005-07-25,6.6,6.6,6.6,6.59,4958.0
2005-07-26,6.6,6.6,6.6,6.59,8169.0
2005-07-27,6.6,6.6,6.6,6.59,6797.0
2005-07-28,6.6,6.59,6.6,6.59,9445.0
2005-07-29,6.6,6.62,6.62,6.59,20652.0
2005-08-01,6.61,6.62,6.62,6.6,10328.0
2005-08-02,6.62,6.61,6.62,6.6,10117.0
2005-08-03,6.6,6.59,6.61,6.59,11698.0
2005-08-04,6.59,6.59,6.6,6.58,16768.0
2005-08-05,6.59,6.57,6.59,6.57,26792.0
2005-08-08,6.57,6.6,6.6,6.56,32804.0
2005-08-09,6.59,6.59,6.6,6.59,27412.0
2005-08-10,6.59,6.58,6.59,6.56,15213.0
2005-08-11,6.58,6.53,6.58,6.53,33777.0
2005-08-12,6.53,6.54,6.55,6.53,26116.0
2005-08-15,6.55,6.53,6.55,6.53,13412.0
2005-08-16,6.54,6.52,6.54,6.52,16430.0
2005-08-17,6.52,6.54,6.54,6.52,18527.0
2005-08-18,6.54,6.54,6.55,6.53,27839.0
2005-08-19,6.54,6.54,6.55,6.54,29711.0
2005-08-22,6.54,6.56,6.57,6.54,40809.0
2005-08-23,6.55,6.58,6.59,6.5,64624.0
2005-08-24,6.58,6.56,6.58,6.53,47426.0
2005-08-25,6.56,6.63,6.64,6.56,73035.0
2005-08-26,6.63,6.61,6.63,6.61,58523.0
2005-08-29,6.62,6.56,6.62,6.55,69525.0
2005-08-30,6.57,6.56,6.57,6.53,38542.0
2005-08-31,6.56,6.58,6.59,6.53,35018.0
2005-09-01,6.58,6.59,6.6,6.56,22721.0
2005-09-02,6.59,6.58,6.59,6.57,14510.0
2005-09-06,6.58,6.56,6.58,6.55,16363.0
2005-09-07,6.56,6.55,6.57,6.55,16985.0
2005-09-08,6.55,6.55,6.56,6.54,22760.0
2005-09-09,6.56,6.55,6.57,6.54,16700.0
2005-09-12,6.56,6.54,6.56,6.53,13359.0
2005-09-13,6.54,6.54,6.55,6.53,24178.0
2005-09-14,6.55,6.54,6.56,6.53,9476.0
2005-09-15,6.54,6.59,6.59,6.54,15893.0
2005-09-16,6.59,6.58,6.6,6.57,15543.0
2005-09-19,6.58,6.64,6.64,6.58,53180.0
2005-09-20,6.64,6.65,6.66,6.63,80271.0
2005-09-21,6.65,6.65,6.67,6.64,60449.0
2005-09-22,6.64,6.65,6.65,6.63,30152.0
2005-09-23,6.65,6.73,6.74,6.65,152115.0
2005-09-26,6.72,6.75,6.75,6.71,60676.0
2005-09-27,6.75,6.72,6.77,6.72,67333.0
2005-09-28,6.72,6.75,6.76,6.71,36964.0
2005-09-29,6.74,6.81,6.81,6.73,108089.0
2005-09-30,6.82,6.82,6.87,6.81,120324.0
2005-10-03,6.84,6.92,6.92,6.82,130688.0
2005-10-04,6.91,6.9,6.92,6.86,99233.0
2005-10-05,6.9,6.85,6.91,6.85,61708.0
2005-10-06,6.85,6.88,6.88,6.84,61588.0
2005-10-07,6.88,6.89,6.91,6.87,107444.0
2005-10-10,6.9,6.9,6.91,6.86,84214.0
2005-10-11,6.9,6.91,6.91,6.88,70104.0
2005-10-12,6.91,6.96,6.98,6.91,166377.0
2005-10-13,6.96,6.91,6.97,6.9,46285.0
2005-10-14,6.91,6.9,6.94,6.89,66647.0
2005-10-17,6.9,6.92,6.95,6.89,46568.0
2005-10-18,6.92,6.91,6.94,6.91,39206.0
2005-10-19,6.91,6.91,6.92,6.91,28006.0
2005-10-20,6.92,6.94,6.94,6.91,34104.0
2005-10-21,6.93,7.03,7.04,6.93,220316.0
2005-10-24,7.02,7.0,7.03,6.99,62871.0
2005-10-25,7.0,7.02,7.03,6.97,90164.0
2005-10-26,7.02,7.05,7.08,7.01,150620.0
2005-10-27,7.04,7.03,7.05,7.02,89977.0
2005-10-28,7.03,7.01,7.04,7.0,75482.0
2005-10-31,6.96,6.96,7.01,6.92,188172.0
2005-11-01,6.96,6.91,6.96,6.89,114402.0
2005-11-02,6.91,6.91,6.94,6.89,65022.0
2005-11-03,6.92,6.91,6.93,6.9,57990.0
2005-11-04,6.9,6.87,6.91,6.86,84090.0
2005-11-07,6.88,6.89,6.89,6.87,44925.0
2005-11-08,6.88,6.9,6.9,6.87,34291.0
2005-11-09,6.9,6.91,6.93,6.89,27629.0
2005-11-10,6.91,6.9,6.91,6.88,25127.0
2005-11-11,6.9,6.9,6.91,6.89,18585.0
2005-11-14,6.9,6.89,6.9,6.89,18764.0
2005-11-15,6.89,6.88,6.89,6.87,32020.0
2005-11-16,6.88,6.89,6.89,6.87,14722.0
2005-11-17,6.88,6.89,6.9,6.88,17268.0
2005-11-18,6.9,6.92,6.92,6.89,16089.0
2005-11-21,6.92,6.91,6.93,6.91,23484.0
2005-11-22,6.91,6.91,6.93,6.91,10805.0
2005-11-23,6.92,6.92,6.93,6.91,10058.0
2005-11-25,6.92,6.93,6.94,6.91,19701.0
2005-11-28,6.92,6.91,6.94,6.91,19806.0
2005-11-29,6.91,6.89,6.92,6.89,14825.0
2005-11-30,6.89,6.88,6.9,6.88,18779.0
2005-12-01,6.89,6.9,6.91,6.88,14167.0
2005-12-02,6.9,6.89,6.9,6.88,5924.0
2005-12-05,6.89,6.88,6.9,6.88,17130.0
2005-12-06,6.9,6.89,6.9,6.88,10739.0
2005-12-07,6.89,6.86,6.89,6.86,38452.0
2005-12-08,6.86,6.85,6.86,6.85,28354.0
2005-12-09,6.85,6.85,6.86,6.84,15539.0
2005-12-12,6.85,6.86,6.88,6.85,10823.0
2005-12-13,6.86,6.85,6.87,6.85,18404.0
2005-12-14,6.85,6.84,6.86,6.84,26947.0
2005-12-15,6.85,6.86,6.87,6.84,21456.0
2005-12-16,6.86,6.86,6.87,6.86,10981.0
2005-12-19,6.86,6.87,6.87,6.85,9589.0
2005-12-20,6.86,6.86,6.87,6.86,12373.0
2005-12-21,6.87,6.86,6.87,6.86,18323.0
2005-12-22,6.86,6.86,6.86,6.85,20981.0
2005-12-23,6.85,6.84,6.86,6.84,22635.0
2005-12-27,6.84,6.85,6.85,6.84,8625.0
2005-12-28,6.85,6.85,6.86,6.84,18963.0
2005-12-29,6.85,6.87,6.88,6.84,37258.0
2005-12-30,6.88,6.87,6.89,6.87,14341.0
2006-01-03,6.88,6.86,6.88,6.86,15595.0
2006-01-04,6.87,6.87,6.87,6.86,13973.0
2006-01-05,6.87,6.87,6.87,6.86,26104.0
2006-01-06,6.86,6.87,6.88,6.86,34965.0
2006-01-09,6.88,6.88,6.89,6.86,44251.0
2006-01-10,6.9,6.91,6.92,6.86,60168.0
2006-01-11,6.91,6.86,6.91,6.82,50008.0
2006-01-12,6.85,6.83,6.86,6.82,42659.0
2006-01-13,6.82,6.9,6.92,6.82,46160.0
2006-01-17,6.92,6.95,6.95,6.9,73415.0
2006-01-18,6.94,6.91,6.95,6.91,64265.0
2006-01-19,6.91,6.89,6.92,6.88,40960.0
2006-01-20,6.9,6.94,6.95,6.89,55442.0
2006-01-23,6.95,6.93,6.97,6.93,49070.0
2006-01-24,6.93,6.98,6.98,6.93,36989.0
2006-01-25,6.98,6.96,6.99,6.96,43609.0
2006-01-26,6.96,6.94,6.96,6.94,28659.0
2006-01-27,6.95,6.93,6.95,6.92,24973.0
2006-01-30,6.92,6.91,6.94,6.91,28370.0
2006-01-31,6.9,6.92,6.93,6.89,30034.0
2006-02-01,6.91,6.91,6.93,6.9,14977.0
2006-02-02,6.92,6.91,6.92,6.9,17071.0
2006-02-03,6.92,6.9,6.92,6.9,18502.0
2006-02-06,6.91,6.9,6.91,6.88,19366.0
2006-02-07,6.9,6.96,6.96,6.89,40966.0
2006-02-08,6.95,6.94,6.97,6.93,20951.0
2006-02-09,6.95,6.91,6.95,6.91,21184.0
2006-02-10,6.91,6.9,6.92,6.9,20287.0
2006-02-13,6.9,6.9,6.91,6.89,15032.0
2006-02-14,6.9,6.87,6.91,6.86,33465.0
2006-02-15,6.88,6.9,6.9,6.87,14172.0
2006-02-16,6.9,6.89,6.9,6.87,29633.0
2006-02-17,6.88,6.91,6.93,6.88,36537.0
2006-02-21,6.91,6.91,6.93,6.9,29023.0
2006-02-22,6.91,6.94,6.94,6.9,31939.0
2006-02-23,6.93,6.96,6.97,6.93,54522.0
2006-02-24,6.97,6.96,6.97,6.95,50412.0
2006-02-27,6.96,6.95,6.97,6.94,41940.0
2006-02-28,6.95,6.94,6.96,6.93,28583.0
2006-03-01,6.94,6.94,6.94,6.92,28870.0
2006-03-02,6.94,6.92,6.94,6.91,16218.0
2006-03-03,6.93,6.91,6.93,6.91,19845.0
2006-03-06,6.91,6.91,6.93,6.91,12524.0
2006-03-07,6.91,6.91,6.92,6.89,22454.0
2006-03-08,6.91,6.93,6.94,6.91,17007.0
2006-03-09,6.93,6.95,6.95,6.93,32678.0
2006-03-10,6.94,6.95,6.96,6.94,23816.0
2006-03-13,6.95,6.93,6.96,6.93,37139.0
2006-03-14,6.93,6.92,6.94,6.92,27942.0
2006-03-15,6.93,6.93,6.94,6.93,32644.0
2006-03-16,6.93,6.93,6.94,6.93,27167.0
2006-03-17,6.94,6.94,6.95,6.93,63462.0
2006-03-20,6.95,6.94,6.95,6.93,54730.0
2006-03-21,6.96,7.12,7.13,6.94,226074.0
2006-03-22,7.12,7.16,7.19,7.09,227123.0
2006-03-23,7.16,7.2,7.26,7.14,279059.0
2006-03-24,7.2,7.2,7.27,7.19,235389.0
2006-03-27,7.2,7.25,7.26,7.17,120678.0
2006-03-28,7.25,7.19,7.26,7.18,93932.0
2006-03-29,7.19,7.2,7.21,7.18,63557.0
2006-03-30,7.2,7.22,7.23,7.19,64641.0
2006-03-31,7.22,7.16,7.22,7.16,60986.0
2006-04-03,7.16,7.15,7.17,7.14,47102.0
2006-04-04,7.15,7.13,7.16,7.12,53829.0
2006-04-05,7.13,7.12,7.13,7.11,77530.0
2006-04-06,7.12,7.14,7.15,7.11,27814.0
2006-04-07,7.13,7.08,7.14,7.07,68658.0
2006-04-10,7.09,7.08,7.12,7.08,42820.0
2006-04-11,7.09,7.12,7.12,7.08,26711.0
2006-04-12,7.12,7.1,7.12,7.1,27620.0
2006-04-13,7.11,7.09,7.11,7.09,23784.0
2006-04-17,7.09,7.15,7.15,7.09,28266.0
2006-04-18,7.14,7.13,7.15,7.12,34343.0
2006-04-19,7.14,7.14,7.15,7.11,23574.0
2006-04-20,7.15,7.14,7.16,7.14,18738.0
2006-04-21,7.14,7.15,7.15,7.1,28325.0
2006-04-24,7.15,7.18,7.19,7.12,45709.0
2006-04-25,7.18,7.16,7.18,7.14,30849.0
2006-04-26,7.16,7.22,7.23,7.15,79393.0
2006-04-27,7.21,7.2,7.22,7.18,44006.0
2006-04-28,7.2,7.19,7.2,7.17,25808.0
2006-05-01,7.18,7.16,7.19,7.16,26920.0
2006-05-02,7.16,7.14,7.16,7.14,23315.0
2006-05-03,7.15,7.12,7.15,7.12,21934.0
2006-05-04,7.11,7.1,7.12,7.08,77396.0
2006-05-05,7.1,7.09,7.11,7.09,33842.0
2006-05-08,7.09,7.1,7.1,7.08,32614.0
2006-05-09,7.09,7.11,7.11,7.09,11232.0
2006-05-10,7.11,7.13,7.13,7.1,9756.0
2006-05-11,7.12,7.11,7.13,7.11,12621.0
2006-05-12,7.11,7.1,7.12,7.1,11745.0
2006-05-15,7.1,7.11,7.11,7.1,11640.0
2006-05-16,7.11,7.12,7.12,7.1,21645.0
2006-05-17,7.11,7.11,7.12,7.1,15190.0
2006-05-18,7.11,7.12,7.12,7.11,9640.0
2006-05-19,7.11,7.1,7.12,7.09,19051.0
2006-05-22,7.1,7.09,7.1,7.08,33207.0
2006-05-23,7.09,7.05,7.09,7.03,77103.0
2006-05-24,7.05,7.05,7.06,7.04,53222.0
2006-05-25,7.05,7.05,7.06,7.04,58666.0
2006-05-26,7.05,7.05,7.06,7.04,60893.0
2006-05-30,6.98,7.03,7.04,6.97,112594.0
2006-05-31,7.03,7.08,7.08,7.0,110908.0
2006-06-01,7.08,7.07,7.1,7.06,75966.0
2006-06-02,7.06,7.07,7.08,7.05,62013.0
2006-06-05,7.06,7.07,7.1,7.06,48144.0
2006-06-06,7.09,7.08,7.09,7.05,41606.0
2006-06-07,7.08,7.12,7.14,7.07,113962.0
2006-06-08,7.12,7.08,7.13,7.08,36901.0
2006-06-09,7.08,7.08,7.1,7.06,25353.0
2006-06-12,7.08,7.06,7.09,7.05,26009.0
2006-06-13,7.06,7.05,7.06,7.01,36268.0
2006-06-14,7.05,7.04,7.05,7.02,19165.0
2006-06-15,7.03,7.01,7.04,7.0,42146.0
2006-06-16,7.0,7.02,7.04,7.0,16393.0
2006-06-19,7.03,7.04,7.05,7.03,9156.0
2006-06-20,7.04,7.04,7.05,7.03,15056.0
2006-06-21,7.04,7.05,7.05,7.03,16198.0
2006-06-22,7.05,7.07,7.07,7.04,13257.0
2006-06-23,7.07,7.04,7.07,7.04,16349.0
2006-06-26,7.04,7.02,7.05,7.02,13061.0
2006-06-27,7.03,7.02,7.04,7.02,11998.0
2006-06-28,7.02,7.02,7.03,7.01,10533.0
2006-06-29,7.02,7.03,7.04,7.01,11099.0
2006-06-30,7.03,7.03,7.03,7.02,11461.0
2006-07-03,7.04,7.06,7.07,7.03,18647.0
2006-07-05,7.07,7.07,7.1,7.06,28167.0
2006-07-06,7.07,7.12,7.12,7.07,52564.0
2006-07-07,7.12,7.08,7.12,7.07,31749.0
2006-07-10,7.08,7.07,7.09,7.07,9986.0
2006-07-11,7.07,7.05,7.07,7.05,16986.0
2006-07-12,7.05,7.07,7.09,7.05,14473.0
2006-07-13,7.08,7.1,7.1,7.07,29061.0
2006-07-14,7.1,7.09,7.11,7.09,32710.0
2006-07-17,7.09,7.1,7.11,7.09,25299.0
2006-07-18,7.11,7.09,7.11,7.08,17967.0
2006-07-19,7.08,7.08,7.09,7.07,23417.0
2006-07-20,7.08,7.09,7.11,7.08,37580.0
2006-07-21,7.09,7.09,7.1,7.08,20216.0
2006-07-24,7.09,7.1,7.1,7.08,38669.0
2006-07-25,7.11,7.18,7.22,7.1,239816.0
2006-07-26,7.18,7.17,7.19,7.16,58710.0
2006-07-27,7.17,7.16,7.17,7.15,39407.0
2006-07-28,7.17,7.14,7.17,7.13,33870.0
2006-07-31,7.14,7.15,7.15,7.14,22711.0
2006-08-01,7.15,7.14,7.15,7.13,23573.0
2006-08-02,7.15,7.22,7.23,7.14,157241.0
2006-08-03,7.22,7.24,7.24,7.2,178400.0
2006-08-04,7.24,7.23,7.24,7.22,101098.0
2006-08-07,7.17,7.21,7.22,7.14,113450.0
2006-08-08,7.21,7.21,7.24,7.2,73834.0
2006-08-09,7.2,7.24,7.25,7.2,76014.0
2006-08-10,7.24,7.18,7.25,7.16,104981.0
2006-08-11,7.18,7.15,7.19,7.14,66674.0
2006-08-14,7.15,7.18,7.19,7.14,41595.0
2006-08-15,7.18,7.16,7.19,7.16,39249.0
2006-08-16,7.16,7.15,7.17,7.14,54245.0
2006-08-17,7.14,7.14,7.15,7.14,46267.0
2006-08-18,7.13,7.13,7.14,7.11,67088.0
2006-08-21,7.13,7.14,7.15,7.12,29672.0
2006-08-22,7.15,7.12,7.16,7.12,32407.0
2006-08-23,7.12,7.12,7.12,7.1,43844.0
2006-08-24,7.12,7.11,7.12,7.1,21205.0
2006-08-25,7.1,7.12,7.12,7.1,27990.0
2006-08-28,7.12,7.13,7.16,7.11,29176.0
2006-08-29,7.13,7.15,7.15,7.13,12818.0
2006-08-30,7.14,7.14,7.15,7.12,11308.0
2006-08-31,7.13,7.11,7.14,7.11,29314.0
2006-09-01,7.11,7.1,7.12,7.09,35460.0
2006-09-05,7.1,7.11,7.13,7.09,13293.0
2006-09-06,7.12,7.12,7.12,7.1,10246.0
2006-09-07,7.13,7.17,7.17,7.12,15342.0
2006-09-08,7.17,7.17,7.18,7.15,18866.0
2006-09-11,7.17,7.18,7.19,7.17,26110.0
2006-09-12,7.18,7.21,7.21,7.16,50976.0
2006-09-13,7.21,7.18,7.22,7.18,34636.0
2006-09-14,7.19,7.16,7.19,7.14,19247.0
2006-09-15,7.16,7.23,7.25,7.15,98145.0
2006-09-18,7.23,7.19,7.24,7.19,54731.0
2006-09-19,7.19,7.17,7.21,7.17,37686.0
2006-09-20,7.17,7.17,7.19,7.15,33105.0
2006-09-21,7.17,7.17,7.19,7.17,18616.0
2006-09-22,7.17,7.17,7.18,7.16,21706.0
2006-09-25,7.17,7.17,7.18,7.17,12089.0
2006-09-26,7.17,7.15,7.17,7.14,19655.0
2006-09-27,7.15,7.16,7.16,7.15,10539.0
2006-09-28,7.16,7.14,7.17,7.14,17725.0
2006-09-29,7.14,7.14,7.15,7.13,22069.0
2006-10-02,7.14,7.15,7.15,7.13,13548.0
2006-10-03,7.15,7.12,7.15,7.11,34169.0
2006-10-04,7.12,7.13,7.14,7.12,24848.0
2006-10-05,7.13,7.15,7.17,7.13,23542.0
2006-10-06,7.15,7.13,7.16,7.13,23513.0
2006-10-09,7.13,7.14,7.16,7.13,37340.0
2006-10-10,7.14,7.13,7.15,7.13,33893.0
2006-10-11,7.14,7.16,7.18,7.13,66448.0
2006-10-12,7.16,7.16,7.17,7.15,38362.0
2006-10-13,7.11,7.16,7.17,7.08,60272.0
2006-10-16,7.15,7.17,7.19,7.14,76643.0
2006-10-17,7.18,7.17,7.18,7.15,38742.0
2006-10-18,7.17,7.19,7.23,7.17,96060.0
2006-10-19,7.19,7.19,7.2,7.16,63496.0
2006-10-20,7.19,7.19,7.2,7.15,39149.0
2006-10-23,7.19,7.17,7.2,7.17,38497.0
2006-10-24,7.17,7.16,7.17,7.14,33885.0
2006-10-25,7.16,7.19,7.19,7.16,32903.0
2006-10-26,7.19,7.17,7.2,7.17,43560.0
2006-10-27,7.17,7.21,7.21,7.17,35195.0
2006-10-30,7.21,7.19,7.21,7.19,32063.0
2006-10-31,7.19,7.17,7.19,7.16,26889.0
2006-11-01,7.16,7.19,7.2,7.16,38056.0
2006-11-02,7.2,7.23,7.25,7.19,101318.0
2006-11-03,7.23,7.27,7.27,7.22,106158.0
2006-11-06,7.27,7.26,7.28,7.25,76766.0
2006-11-07,7.26,7.26,7.26,7.23,23927.0
2006-11-08,7.25,7.31,7.33,7.25,149414.0
2006-11-09,7.31,7.3,7.32,7.27,79434.0
2006-11-10,7.3,7.26,7.3,7.25,37346.0
2006-11-13,7.26,7.28,7.28,7.25,18548.0
2006-11-14,7.28,7.28,7.28,7.26,16353.0
2006-11-15,7.28,7.29,7.29,7.27,17037.0
2006-11-16,7.29,7.35,7.35,7.27,109018.0
2006-11-17,7.34,7.36,7.36,7.32,78401.0
2006-11-20,7.36,7.36,7.37,7.34,71991.0
2006-11-21,7.36,7.33,7.37,7.32,43161.0
2006-11-22,7.33,7.36,7.36,7.32,26828.0
2006-11-24,7.36,7.38,7.38,7.36,64087.0
2006-11-27,7.38,7.39,7.4,7.37,74732.0
2006-11-28,7.4,7.39,7.43,7.38,80813.0
2006-11-29,7.39,7.42,7.42,7.38,51798.0
2006-11-30,7.41,7.36,7.42,7.35,44329.0
2006-12-01,7.36,7.33,7.36,7.33,56625.0
2006-12-04,7.33,7.36,7.38,7.32,32611.0
2006-12-05,7.36,7.31,7.38,7.31,41648.0
2006-12-06,7.31,7.32,7.34,7.31,29579.0
2006-12-07,7.31,7.33,7.36,7.31,25596.0
2006-12-08,7.33,7.33,7.35,7.33,25718.0
2006-12-11,7.33,7.37,7.37,7.32,27739.0
2006-12-12,7.37,7.35,7.39,7.35,28353.0
2006-12-13,7.35,7.32,7.36,7.32,32440.0
2006-12-14,7.32,7.27,7.34,7.25,76933.0
2006-12-15,7.27,7.27,7.27,7.25,47320.0
2006-12-18,7.26,7.26,7.28,7.26,39803.0
2006-12-19,7.26,7.26,7.27,7.25,77285.0
2006-12-20,7.26,7.3,7.3,7.26,45867.0
2006-12-21,7.32,7.37,7.38,7.29,134492.0
2006-12-22,7.37,7.39,7.4,7.35,99441.0
2006-12-26,7.39,7.32,7.4,7.31,87561.0
2006-12-27,7.32,7.27,7.32,7.26,99218.0
2006-12-28,7.26,7.25,7.27,7.23,65865.0
2006-12-29,7.25,7.25,7.28,7.25,42657.0
2007-01-03,7.25,7.24,7.26,7.21,66678.0
2007-01-04,7.24,7.23,7.24,7.21,55490.0
2007-01-05,7.23,7.25,7.26,7.22,20290.0
2007-01-08,7.25,7.22,7.26,7.22,32593.0
2007-01-09,7.23,7.22,7.24,7.21,27043.0
2007-01-10,7.22,7.19,7.22,7.18,77209.0
2007-01-11,7.19,7.2,7.2,7.18,40454.0
2007-01-12,7.19,7.2,7.21,7.19,20596.0
2007-01-16,7.2,7.21,7.22,7.19,15939.0
2007-01-17,7.22,7.23,7.23,7.21,13587.0
2007-01-18,7.23,7.21,7.23,7.21,9311.0
2007-01-19,7.21,7.22,7.22,7.21,11314.0
2007-01-22,7.22,7.21,7.22,7.21,9706.0
2007-01-23,7.22,7.23,7.23,7.21,12065.0
2007-01-24,7.23,7.21,7.23,7.2,19495.0
2007-01-25,7.21,7.19,7.21,7.18,36394.0
2007-01-26,7.19,7.2,7.21,7.18,21842.0
2007-01-29,7.2,7.22,7.22,7.19,10173.0
2007-01-30,34.66,34.63,34.7,34.63,63.0
2007-01-31,34.63,34.65,34.73,34.63,41.0
2007-02-01,34.65,34.65,34.65,34.65,28.0
2007-02-02,34.65,34.65,34.68,34.65,28.0
2007-02-05,34.65,34.65,34.65,34.62,4.0
2007-02-06,27.46,27.49,27.5,27.45,51.0
2007-02-07,27.49,27.44,27.49,27.44,70.0
2007-02-08,27.68,27.44,27.68,27.13,96.0
2007-02-09,27.44,27.4,27.44,27.22,27.0
2007-02-12,27.4,26.98,27.4,26.8,310.0
2007-02-13,26.98,26.9,27.11,26.88,73.0
2007-02-14,26.9,26.95,27.09,26.9,69.0
2007-02-15,26.95,26.95,27.09,26.88,85.0
2007-02-16,26.95,26.76,26.95,26.76,228.0
2007-02-20,26.76,26.74,26.9,26.74,130.0
2007-02-21,26.74,26.77,26.91,26.74,105.0
2007-02-22,26.77,26.63,26.77,26.61,224.0
2007-02-23,26.63,26.89,26.89,26.61,107.0
2007-02-26,26.89,26.68,26.89,26.66,43.0
2007-02-27,26.68,26.68,26.75,26.68,31.0
2007-02-28,26.68,26.83,26.83,26.67,46.0
2007-03-01,26.83,26.69,26.83,26.69,115.0
2007-03-02,26.69,26.69,26.69,26.69,39.0
2007-03-05,26.69,26.71,26.76,26.69,14.0
2007-03-06,26.71,26.69,26.75,26.68,65.0
2007-03-07,26.69,26.69,26.69,26.68,19.0
2007-03-08,26.69,26.86,26.86,26.69,6.0
2007-03-09,26.86,26.79,26.86,26.79,7.0
2007-03-12,26.79,26.6,26.79,26.6,142.0
2007-03-13,26.6,26.58,26.61,26.58,44.0
2007-03-14,26.58,26.56,26.61,26.56,130.0
2007-03-15,26.56,26.53,26.56,26.52,122.0
2007-03-16,26.53,26.58,26.58,26.52,92.0
2007-03-19,26.58,26.61,26.61,26.58,62.0
2007-03-20,26.61,26.79,26.79,26.61,27.0
2007-03-21,26.79,26.62,26.79,26.62,25.0
2007-03-22,26.62,26.7,26.7,26.62,5.0
2007-03-23,26.7,26.62,26.7,26.62,19.0
2007-03-26,26.62,26.68,26.68,26.6,54.0
2007-03-27,26.68,26.76,26.77,26.67,41.0
2007-03-28,26.76,26.58,26.76,26.58,94.0
2007-03-29,26.58,26.65,26.65,26.58,12.0
2007-03-30,26.65,26.66,26.7,26.65,8.0
2007-04-02,26.66,26.65,26.66,26.62,32.0
2007-04-03,26.65,26.57,26.65,26.54,145.0
2007-04-04,26.57,26.57,26.57,26.55,61.0
2007-04-05,26.57,26.57,26.67,26.57,22.0
2007-04-09,26.57,26.76,26.76,26.57,70.0
2007-04-10,26.76,26.75,26.9,26.75,182.0
2007-04-11,26.75,26.72,26.75,26.71,18.0
2007-04-12,26.72,26.75,26.75,26.7,43.0
2007-04-13,26.75,26.9,26.9,26.71,211.0
2007-04-16,26.9,26.84,26.9,26.84,79.0
2007-04-17,26.84,26.85,26.92,26.84,271.0
2007-04-18,26.85,26.89,26.92,26.84,343.0
2007-04-19,26.91,26.96,26.96,26.66,101.0
2007-04-20,26.96,26.88,26.96,26.88,13.0
2007-04-23,26.88,26.76,26.88,26.74,111.0
2007-04-24,26.76,27.25,27.25,26.76,381.0
2007-04-25,27.25,27.27,27.35,27.11,251.0
2007-04-26,27.27,27.23,27.35,27.23,121.0
2007-04-27,27.23,27.18,27.24,27.18,118.0
2007-04-30,27.18,27.23,27.23,27.18,30.0
2007-05-01,27.23,27.18,27.25,27.18,130.0
2007-05-02,27.18,27.09,27.18,27.09,32.0
2007-05-03,27.09,27.22,27.24,27.09,69.0
2007-05-04,27.22,27.19,27.22,27.19,9.0
2007-05-07,27.19,27.2,27.2,27.18,13.0
2007-05-08,27.2,27.17,27.22,27.17,69.0
2007-05-09,27.17,27.15,27.17,27.15,85.0
2007-05-10,27.15,27.1,27.15,27.1,170.0
2007-05-11,27.1,27.02,27.1,27.01,126.0
2007-05-14,27.02,27.06,27.1,27.02,32.0
2007-05-15,27.06,27.22,27.22,27.06,129.0
2007-05-16,27.22,27.12,27.22,27.12,24.0
2007-05-17,27.12,27.12,27.13,27.12,34.0
2007-05-18,27.12,27.2,27.2,27.12,69.0
2007-05-21,27.2,27.38,27.39,27.2,330.0
2007-05-22,27.38,27.47,27.48,27.35,187.0
2007-05-23,27.47,27.47,27.5,27.41,164.0
2007-05-24,27.47,27.64,27.64,27.42,279.0
2007-05-25,27.65,27.68,27.68,27.58,349.0
2007-05-29,27.68,27.74,27.77,27.68,419.0
2007-05-30,27.74,27.62,27.74,27.62,258.0
2007-05-31,27.62,27.58,27.62,27.55,67.0
2007-06-01,27.58,27.56,27.59,27.56,83.0
2007-06-04,27.56,27.63,27.66,27.56,55.0
2007-06-05,27.63,27.62,27.63,27.57,61.0
2007-06-06,27.62,27.69,27.69,27.62,109.0
2007-06-07,27.7,27.66,27.7,27.66,33.0
2007-06-08,27.66,27.57,27.66,27.57,58.0
2007-06-11,27.57,27.53,27.57,27.5,30.0
2007-06-12,27.53,27.57,27.57,27.52,19.0
2007-06-13,27.57,27.58,27.58,27.55,111.0
2007-06-14,27.58,27.62,27.62,27.58,71.0
2007-06-15,27.62,27.61,27.63,27.61,62.0
2007-06-18,27.61,27.6,27.61,27.57,144.0
2007-06-19,27.6,27.63,27.63,27.6,26.0
2007-06-20,27.63,27.59,27.63,27.54,193.0
2007-06-21,27.59,27.58,27.65,27.57,243.0
2007-06-22,27.63,27.6,27.63,27.56,287.0
2007-06-25,27.6,27.57,27.64,27.55,240.0
2007-06-26,27.57,27.61,27.63,27.57,170.0
2007-06-27,27.62,27.79,27.87,27.62,236.0
2007-06-28,27.79,27.71,27.83,27.71,332.0
2007-06-29,27.66,27.66,27.74,27.66,128.0
2007-07-02,27.66,27.71,27.72,27.62,128.0
2007-07-03,27.71,27.7,27.71,27.69,43.0
2007-07-05,27.7,27.7,27.71,27.64,126.0
2007-07-06,27.7,27.73,27.73,27.67,44.0
2007-07-09,27.73,27.79,27.8,27.71,145.0
2007-07-10,27.79,27.79,27.79,27.74,66.0
2007-07-11,27.79,27.78,27.79,27.63,250.0
2007-07-12,27.78,27.68,27.78,27.68,16.0
2007-07-13,27.68,27.52,27.75,27.52,198.0
2007-07-16,27.46,27.43,27.56,27.41,404.0
2007-07-17,27.43,27.48,27.58,27.43,79.0
2007-07-18,27.48,27.58,27.58,27.48,38.0
2007-07-19,27.58,27.52,27.58,27.5,20.0
2007-07-20,27.52,27.62,27.62,27.52,74.0
2007-07-23,27.62,27.61,27.62,27.61,5.0
2007-07-24,27.61,27.61,27.61,27.61,5.0
2007-07-25,27.61,27.61,27.61,27.61,16.0
2007-07-26,27.62,27.57,27.62,27.57,6.0
2007-07-27,27.57,27.66,27.66,27.56,19.0
2007-07-30,27.66,27.53,27.66,27.53,136.0
2007-07-31,27.53,27.5,27.53,27.5,39.0
2007-08-01,27.5,27.55,27.55,27.5,57.0
2007-08-02,27.55,27.55,27.55,27.55,0.0
2007-08-03,27.55,27.55,27.55,27.51,71.0
2007-08-06,27.55,27.55,27.55,27.52,62.0
2007-08-07,27.55,27.56,27.61,27.55,82.0
2007-08-08,27.56,27.62,27.62,27.56,41.0
2007-08-09,27.62,27.79,27.79,27.62,227.0
2007-08-10,27.79,27.71,27.79,27.71,114.0
2007-08-13,27.71,27.82,27.82,27.7,319.0
2007-08-14,27.82,27.86,27.88,27.74,237.0
2007-08-15,27.86,27.82,27.88,27.82,145.0
2007-08-16,27.82,27.81,27.83,27.81,39.0
2007-08-17,27.81,27.72,27.81,27.72,139.0
2007-08-20,27.72,27.68,27.72,27.66,42.0
2007-08-21,27.68,27.7,27.78,27.68,38.0
2007-08-22,27.7,27.77,27.77,27.7,56.0
2007-08-23,27.77,27.7,27.78,27.65,140.0
2007-08-24,27.7,27.7,27.72,27.7,26.0
2007-08-27,27.7,27.7,27.74,27.7,82.0
2007-08-28,27.7,27.66,27.7,27.65,38.0
2007-08-29,27.66,27.65,27.74,27.65,134.0
2007-08-30,27.65,27.7,27.7,27.62,260.0
2007-08-31,27.7,27.62,27.72,27.62,175.0
2007-09-04,27.62,27.67,27.69,27.62,106.0
2007-09-05,27.45,27.63,27.66,27.42,183.0
2007-09-06,27.63,27.54,27.63,27.46,118.0
2007-09-07,27.54,27.63,27.63,27.5,54.0
2007-09-10,27.63,27.73,27.75,27.63,58.0
2007-09-11,27.73,27.72,27.73,27.66,123.0
2007-09-12,27.72,27.69,27.72,27.66,87.0
2007-09-13,27.69,27.74,27.77,27.68,169.0
2007-09-14,27.74,27.93,27.94,27.74,412.0
2007-09-17,27.93,27.9,27.94,27.85,131.0
2007-09-18,27.9,27.88,27.9,27.85,54.0
2007-09-19,27.88,27.9,27.92,27.88,114.0
2007-09-20,27.9,27.92,27.93,27.88,108.0
2007-09-21,27.92,27.97,27.97,27.92,226.0
2007-09-24,27.97,27.95,27.97,27.9,135.0
2007-09-25,27.95,27.91,27.95,27.9,120.0
2007-09-26,27.9,27.95,27.95,27.89,216.0
2007-09-27,27.95,27.97,27.99,27.94,317.0
2007-09-28,27.97,28.0,28.0,27.95,162.0
2007-10-01,28.0,28.06,28.1,28.0,231.0
2007-10-02,28.06,28.02,28.06,28.02,108.0
2007-10-03,28.02,28.05,28.05,28.0,82.0
2007-10-04,28.05,28.06,28.09,28.04,54.0
2007-10-05,28.06,27.98,28.06,27.98,43.0
2007-10-08,27.98,27.98,27.99,27.98,44.0
2007-10-09,27.98,28.01,28.01,27.98,32.0
2007-10-10,28.01,28.0,28.01,27.99,94.0
2007-10-11,28.0,27.98,28.0,27.98,39.0
2007-10-12,27.98,28.0,28.0,27.98,44.0
2007-10-15,28.0,27.94,28.0,27.94,240.0
2007-10-16,27.94,27.87,27.94,27.86,197.0
2007-10-17,27.87,27.88,27.88,27.86,71.0
2007-10-18,27.88,27.89,27.89,27.87,72.0
2007-10-19,27.89,27.82,27.89,27.82,215.0
2007-10-22,27.82,27.86,27.86,27.79,42.0
2007-10-23,27.86,27.86,27.87,27.86,28.0
2007-10-24,27.86,27.86,27.86,27.85,20.0
2007-10-25,27.86,27.93,27.93,27.86,24.0
2007-10-26,27.93,27.86,27.93,27.82,53.0
2007-10-29,27.86,27.82,27.86,27.81,88.0
2007-10-30,27.82,27.78,27.82,27.78,67.0
2007-10-31,27.78,27.87,27.87,27.78,46.0
2007-11-01,27.87,27.87,27.87,27.87,0.0
2007-11-02,27.87,27.93,27.93,27.82,81.0
2007-11-05,27.93,27.91,27.94,27.85,141.0
2007-11-06,27.91,27.93,27.96,27.91,215.0
2007-11-07,27.93,27.8,27.94,27.8,153.0
2007-11-08,27.8,27.81,27.86,27.78,317.0
2007-11-09,27.81,27.85,27.9,27.81,265.0
2007-11-12,27.98,27.94,27.98,27.79,293.0
2007-11-13,27.94,27.95,27.97,27.84,87.0
2007-11-14,27.95,27.86,27.95,27.82,135.0
2007-11-15,27.86,27.96,27.97,27.86,62.0
2007-11-16,27.96,27.86,27.97,27.8,88.0
2007-11-19,27.86,27.92,27.97,27.82,43.0
2007-11-20,27.92,27.85,27.92,27.85,18.0
2007-11-21,27.85,27.83,27.91,27.83,44.0
2007-11-23,27.83,27.81,27.83,27.81,52.0
2007-11-26,27.81,27.89,27.9,27.81,64.0
2007-11-27,27.89,27.89,27.89,27.85,8.0
2007-11-28,27.89,27.85,27.89,27.85,46.0
2007-11-29,27.85,27.86,27.88,27.85,35.0
2007-11-30,27.86,27.84,27.87,27.83,59.0
2007-12-03,27.84,27.89,27.89,27.84,26.0
2007-12-04,27.89,27.89,27.89,27.84,59.0
2007-12-05,27.89,27.85,27.89,27.85,7.0
2007-12-06,27.85,27.91,27.91,27.85,64.0
2007-12-07,27.91,27.97,27.97,27.91,74.0
2007-12-10,27.97,27.92,27.97,27.92,31.0
2007-12-11,27.92,27.84,27.92,27.84,48.0
2007-12-12,27.84,27.81,27.85,27.81,88.0
2007-12-13,27.81,27.85,27.85,27.8,44.0
2007-12-14,27.85,27.98,27.98,27.85,81.0
2007-12-17,27.98,28.0,28.04,27.96,126.0
2007-12-18,28.0,28.01,28.03,28.0,17.0
2007-12-19,28.01,28.2,28.22,28.01,351.0
2007-12-20,28.2,28.06,28.2,28.06,103.0
2007-12-21,28.06,28.06,28.06,28.02,77.0
2007-12-24,28.04,28.05,28.06,28.0,71.0
2007-12-26,28.05,27.94,28.05,27.94,51.0
2007-12-27,27.94,27.93,28.02,27.93,56.0
2007-12-28,27.93,28.0,28.0,27.93,11.0
2007-12-31,28.0,28.01,28.01,28.0,9.0
2008-01-02,28.01,27.99,28.01,27.96,47.0
2008-01-03,27.99,28.04,28.19,27.99,73.0
2008-01-04,28.04,28.16,28.16,28.04,32.0
2008-01-07,28.16,28.14,28.16,28.13,79.0
2008-01-08,28.14,28.14,28.14,28.1,149.0
2008-01-09,28.14,28.07,28.16,28.07,192.0
2008-01-10,28.07,28.08,28.14,28.07,146.0
2008-01-11,28.14,28.1,28.19,28.1,227.0
2008-01-14,28.1,28.04,28.16,28.04,360.0
2008-01-15,28.04,28.06,28.2,28.02,699.0
2008-01-16,28.06,28.23,28.24,28.06,500.0
2008-01-17,28.19,28.1,28.19,28.09,293.0
2008-01-18,28.1,28.18,28.22,28.1,278.0
2008-01-22,28.18,28.16,28.19,28.06,408.0
2008-01-23,28.2,28.13,28.27,28.11,242.0
2008-01-24,28.13,28.13,28.17,28.1,129.0
2008-01-25,28.13,28.0,28.16,28.0,245.0
2008-01-28,28.0,28.15,28.15,28.0,64.0
2008-01-29,28.15,28.08,28.15,28.07,136.0
2008-01-30,28.08,28.1,28.15,28.07,103.0
2008-01-31,28.1,28.08,28.16,28.08,20.0
2008-02-01,28.08,28.15,28.16,28.08,5.0
2008-02-04,28.15,28.06,28.15,28.06,159.0
2008-02-05,28.06,28.07,28.07,28.04,23.0
2008-02-06,28.07,28.15,28.15,28.07,32.0
2008-02-07,28.15,28.14,28.15,28.11,43.0
2008-02-08,28.14,28.09,28.15,28.09,18.0
2008-02-11,28.09,28.1,28.1,28.09,8.0
2008-02-12,28.1,28.09,28.1,28.08,38.0
2008-02-13,28.09,28.09,28.14,28.08,57.0
2008-02-14,28.09,28.1,28.1,28.09,15.0
2008-02-15,28.1,28.08,28.1,28.07,114.0
2008-02-19,28.08,28.05,28.08,28.05,184.0
2008-02-20,28.05,28.05,28.08,28.05,65.0
2008-02-21,28.05,28.06,28.08,28.05,138.0
2008-02-22,28.06,28.07,28.08,28.06,88.0
2008-02-25,28.07,28.06,28.08,28.06,61.0
2008-02-26,28.06,28.16,28.16,28.05,78.0
2008-02-27,28.16,28.17,28.18,28.16,63.0
2008-02-28,28.17,28.17,28.19,28.17,36.0
2008-02-29,28.17,28.19,28.19,28.16,54.0
2008-03-03,28.19,28.2,28.2,28.17,108.0
2008-03-04,28.2,28.18,28.21,28.18,39.0
2008-03-05,28.18,28.17,28.19,28.17,34.0
2008-03-06,28.17,28.19,28.19,28.17,260.0
2008-03-07,28.19,28.2,28.25,28.19,289.0
2008-03-10,28.2,28.22,28.24,28.2,59.0
2008-03-11,28.22,28.19,28.22,28.19,51.0
2008-03-12,28.19,28.2,28.2,28.17,67.0
2008-03-13,28.2,28.16,28.2,28.16,44.0
2008-03-14,28.16,28.11,28.17,28.11,139.0
2008-03-17,28.11,28.11,28.13,28.09,113.0
2008-03-18,28.11,28.1,28.12,28.09,50.0
2008-03-19,28.1,28.1,28.11,28.09,200.0
2008-03-20,28.1,28.12,28.12,28.1,261.0
2008-03-24,28.12,28.11,28.12,28.11,155.0
2008-03-25,28.12,28.13,28.13,28.11,219.0
2008-03-26,28.13,28.12,28.13,28.12,179.0
2008-03-27,28.12,28.11,28.13,28.11,129.0
2008-03-28,28.11,28.08,28.13,28.08,364.0
2008-03-31,28.08,28.22,28.27,28.07,523.0
2008-04-01,28.22,28.12,28.3,28.11,167.0
2008-04-02,28.23,28.13,28.23,28.09,283.0
2008-04-03,28.11,28.09,28.14,28.09,100.0
2008-04-04,28.09,28.1,28.1,28.03,119.0
2008-04-07,28.1,28.05,28.1,28.05,29.0
2008-04-08,28.05,28.06,28.09,28.05,43.0
2008-04-09,28.06,27.93,28.06,27.93,189.0
2008-04-10,27.93,27.82,27.94,27.72,170.0
2008-04-11,27.82,27.82,27.92,27.77,271.0
2008-04-14,27.82,27.82,27.87,27.8,101.0
2008-04-15,27.81,27.83,27.87,27.81,41.0
2008-04-16,27.82,27.9,27.9,27.82,83.0
2008-04-17,27.9,27.99,28.02,27.9,92.0
2008-04-18,27.99,27.97,27.99,27.96,60.0
2008-04-21,27.97,28.02,28.02,27.94,17.0
2008-04-22,28.02,27.93,28.02,27.93,35.0
2008-04-23,27.93,28.0,28.0,27.92,65.0
2008-04-24,28.0,28.0,28.0,27.92,21.0
2008-04-25,28.0,28.0,28.0,28.0,0.0
2008-04-28,28.0,27.95,28.0,27.95,28.0
2008-04-29,27.95,28.01,28.01,27.94,95.0
2008-04-30,28.01,28.01,28.01,28.01,3.0
2008-05-01,28.01,28.06,28.07,28.01,62.0
2008-05-02,28.06,28.02,28.07,28.02,40.0
2008-05-05,28.02,27.96,28.02,27.96,56.0
2008-05-06,27.96,28.05,28.05,27.96,45.0
2008-05-07,28.05,28.1,28.1,28.02,89.0
2008-05-08,28.1,28.18,28.18,28.1,56.0
2008-05-09,28.18,28.17,28.18,28.14,74.0
2008-05-12,28.17,28.21,28.22,28.17,111.0
2008-05-13,28.21,28.17,28.21,28.17,26.0
2008-05-14,28.17,28.22,28.22,28.16,99.0
2008-05-15,28.22,28.19,28.22,28.16,35.0
2008-05-16,28.19,28.14,28.19,28.14,38.0
2008-05-19,28.14,28.13,28.14,28.13,22.0
2008-05-20,28.13,28.13,28.13,28.13,11.0
2008-05-21,28.13,28.16,28.16,28.13,31.0
2008-05-22,28.16,28.13,28.16,28.13,43.0
2008-05-23,28.13,28.14,28.14,28.13,9.0
2008-05-27,28.14,28.16,28.17,28.14,47.0
2008-05-28,28.16,28.17,28.2,28.16,102.0
2008-05-29,28.17,28.2,28.2,28.17,62.0
2008-05-30,28.2,28.19,28.21,28.18,121.0
2008-06-02,28.19,28.2,28.2,28.19,50.0
2008-06-03,28.2,28.14,28.2,28.14,178.0
2008-06-04,28.14,28.09,28.14,28.09,35.0
2008-06-05,28.09,28.11,28.14,28.09,101.0
2008-06-06,28.11,28.09,28.15,28.09,161.0
2008-06-09,28.1,28.12,28.13,28.08,150.0
2008-06-10,28.12,28.11,28.29,28.08,179.0
2008-06-11,28.11,28.04,28.11,28.02,55.0
2008-06-12,28.04,28.06,28.1,28.04,103.0
2008-06-13,28.06,28.06,28.07,28.05,186.0
2008-06-16,28.06,28.15,28.16,28.06,77.0
2008-06-17,28.15,28.06,28.15,28.06,87.0
2008-06-18,28.06,28.03,28.06,28.02,203.0
2008-06-19,28.03,28.05,28.05,27.95,139.0
2008-06-20,28.05,28.15,28.15,28.05,121.0
2008-06-23,28.15,28.14,28.15,28.11,70.0
2008-06-24,28.14,28.17,28.2,28.14,124.0
2008-06-25,28.17,28.15,28.17,28.15,72.0
2008-06-26,28.15,28.12,28.15,28.11,38.0
2008-06-27,28.12,28.07,28.12,28.07,22.0
2008-06-30,28.07,28.12,28.13,28.06,38.0
2008-07-01,28.12,28.12,28.12,28.12,3.0
2008-07-02,28.12,28.15,28.15,28.12,45.0
2008-07-03,28.15,28.14,28.15,28.13,23.0
2008-07-07,28.14,28.17,28.17,28.14,69.0
2008-07-08,28.17,28.17,28.17,28.17,22.0
2008-07-09,28.17,28.15,28.17,28.13,90.0
2008-07-10,28.15,28.12,28.16,28.12,41.0
2008-07-11,28.12,28.16,28.16,28.12,1.0
2008-07-14,28.16,28.13,28.16,28.09,17.0
2008-07-15,28.13,28.13,28.13,28.09,106.0
2008-07-16,28.13,28.13,28.13,28.1,41.0
2008-07-17,28.13,28.13,28.13,28.13,25.0
2008-07-18,28.13,28.11,28.13,28.11,2.0
2008-07-21,28.11,28.12,28.13,28.11,6.0
2008-07-22,28.12,28.12,28.12,28.12,87.0
2008-07-23,28.12,28.12,28.12,28.11,39.0
2008-07-24,28.12,28.12,28.12,28.1,111.0
2008-07-25,28.12,28.08,28.12,28.08,29.0
2008-07-28,28.08,28.15,28.15,28.08,55.0
2008-07-29,28.15,28.15,28.15,28.15,75.0
2008-07-30,28.15,28.09,28.15,28.09,4.0
2008-07-31,28.09,28.09,28.1,28.09,49.0
2008-08-01,28.09,28.08,28.09,28.08,8.0
2008-08-04,28.08,27.98,28.1,27.98,164.0
2008-08-05,27.98,28.01,28.06,27.97,67.0
2008-08-06,28.01,28.02,28.1,28.01,34.0
2008-08-07,28.02,28.05,28.09,27.98,29.0
2008-08-08,28.05,27.96,28.05,27.96,168.0
2008-08-11,27.96,27.97,27.98,27.92,97.0
2008-08-12,27.97,27.92,28.0,27.92,219.0
2008-08-13,27.98,27.98,28.0,27.92,297.0
2008-08-14,27.98,28.1,28.13,27.97,265.0
2008-08-15,28.1,28.19,28.2,28.08,509.0
2008-08-18,28.17,27.92,28.25,27.9,353.0
2008-08-19,27.92,28.04,28.14,27.92,85.0
2008-08-20,28.04,28.13,28.14,28.04,50.0
2008-08-21,28.13,28.19,28.24,28.09,154.0
2008-08-22,28.19,28.19,28.22,28.15,121.0
2008-08-25,28.19,28.15,28.19,28.11,25.0
2008-08-26,28.15,28.15,28.17,28.12,20.0
2008-08-27,28.15,28.11,28.15,28.11,57.0
2008-08-28,28.11,28.11,28.17,28.11,54.0
2008-08-29,28.11,28.11,28.11,28.1,80.0
2008-09-02,28.11,28.13,28.13,28.11,18.0
2008-09-03,28.13,28.13,28.13,28.11,49.0
2008-09-04,28.13,28.1,28.13,28.1,48.0
2008-09-05,28.1,28.09,28.1,28.09,104.0
2008-09-08,28.09,28.09,28.09,28.05,48.0
2008-09-09,28.09,28.06,28.09,28.06,28.0
2008-09-10,28.06,28.09,28.09,28.06,34.0
2008-09-11,28.09,28.12,28.12,28.09,63.0
2008-09-12,28.12,28.12,28.15,28.12,102.0
2008-09-15,28.12,28.19,28.19,28.12,104.0
2008-09-16,28.19,28.19,28.19,28.16,39.0
2008-09-17,28.19,28.2,28.2,28.19,49.0
2008-09-18,28.2,28.17,28.2,28.17,35.0
2008-09-19,28.17,28.19,28.19,28.17,11.0
2008-09-22,28.19,28.17,28.22,28.16,236.0
2008-09-23,28.17,28.2,28.2,28.17,17.0
2008-09-24,28.2,28.3,28.3,28.2,172.0
2008-09-25,28.3,28.32,28.36,28.3,240.0
2008-09-26,28.32,28.27,28.32,28.27,147.0
2008-09-29,28.27,28.26,28.3,28.26,100.0
2008-09-30,28.26,28.21,28.26,28.2,34.0
2008-10-01,28.21,28.21,28.21,28.19,59.0
2008-10-02,28.21,28.21,28.21,28.2,46.0
2008-10-03,28.21,28.17,28.28,28.17,122.0
2008-10-06,28.17,28.17,28.17,28.16,63.0
2008-10-07,28.17,28.17,28.19,28.16,60.0
2008-10-08,28.17,28.18,28.18,28.17,61.0
2008-10-09,28.18,28.16,28.18,28.15,122.0
2008-10-10,28.16,28.19,28.19,28.16,44.0
2008-10-13,28.19,28.17,28.19,28.17,20.0
2008-10-14,28.17,28.16,28.17,28.16,43.0
2008-10-15,28.16,28.17,28.18,28.16,53.0
2008-10-16,28.17,28.16,28.27,28.16,181.0
2008-10-17,28.16,28.21,28.25,28.16,74.0
2008-10-20,28.21,28.2,28.25,28.18,88.0
2008-10-21,28.2,28.17,28.2,28.17,193.0
2008-10-22,28.17,28.09,28.2,28.08,391.0
2008-10-23,28.09,28.11,28.18,28.09,72.0
2008-10-24,28.1,27.95,28.1,27.91,49.0
2008-10-27,27.95,28.11,28.11,27.95,200.0
2008-10-28,28.11,27.95,28.11,27.95,18.0
2008-10-29,27.95,27.9,27.99,27.9,116.0
2008-10-30,27.9,27.83,27.92,27.81,111.0
2008-10-31,27.83,27.76,27.84,27.75,164.0
2008-11-03,27.76,27.75,27.89,27.75,86.0
2008-11-04,27.76,27.71,27.76,27.68,200.0
2008-11-05,27.68,27.74,27.75,27.68,49.0
2008-11-06,27.74,27.8,27.8,27.74,74.0
2008-11-07,27.8,27.74,27.8,27.72,123.0
2008-11-10,27.74,27.76,27.85,27.72,76.0
2008-11-11,27.76,27.65,27.76,27.65,135.0
2008-11-12,27.65,27.68,27.72,27.65,38.0
2008-11-13,27.68,27.72,27.72,27.68,54.0
2008-11-14,27.72,27.75,27.75,27.65,138.0
2008-11-17,27.75,27.73,27.75,27.7,25.0
2008-11-18,27.73,27.68,27.73,27.68,43.0
2008-11-19,27.68,27.72,27.72,27.68,44.0
2008-11-20,27.72,27.68,27.72,27.68,27.0
2008-11-21,27.68,27.66,27.68,27.66,45.0
2008-11-24,27.66,27.73,27.73,27.6,71.0
2008-11-25,27.73,27.62,27.73,27.62,21.0
2008-11-26,27.62,27.71,27.71,27.62,9.0
2008-11-28,27.71,27.6,27.71,27.6,201.0
2008-12-01,27.6,27.55,27.62,27.55,92.0
2008-12-02,27.55,27.62,27.62,27.55,121.0
2008-12-03,27.62,27.61,27.62,27.5,139.0
2008-12-04,27.61,27.61,27.61,27.61,17.0
2008-12-05,27.61,27.65,27.65,27.61,83.0
2008-12-08,27.65,27.67,27.68,27.65,35.0
2008-12-09,27.67,27.67,27.67,27.65,35.0
2008-12-10,27.67,27.59,27.67,27.58,88.0
2008-12-11,27.59,27.64,27.67,27.59,42.0
2008-12-12,27.64,27.55,27.64,27.5,223.0
2008-12-15,27.55,27.55,27.55,27.55,0.0
2008-12-16,27.55,27.67,27.67,27.52,80.0
2008-12-17,27.67,27.66,27.67,27.66,9.0
2008-12-18,27.66,27.66,27.66,27.57,28.0
2008-12-19,27.66,27.65,27.67,27.65,22.0
2008-12-22,27.65,28.0,28.0,27.65,330.0
2008-12-23,28.0,27.95,28.0,27.8,30.0
2008-12-24,27.95,27.98,27.99,27.94,90.0
2008-12-26,27.98,27.83,27.98,27.83,11.0
2008-12-29,27.83,27.88,27.98,27.83,65.0
2008-12-30,27.88,27.84,27.97,27.82,81.0
2008-12-31,27.84,27.81,27.96,27.81,186.0
2009-01-02,27.81,27.9,27.95,27.81,164.0
2009-01-05,27.91,27.72,27.91,27.64,79.0
2009-01-06,27.72,27.76,27.9,27.72,13.0
2009-01-07,27.76,27.75,27.79,27.74,112.0
2009-01-08,27.75,27.7,27.75,27.7,130.0
2009-01-09,27.7,27.71,27.71,27.7,78.0
2009-01-12,27.71,27.85,27.85,27.71,73.0
2009-01-13,27.85,27.8,27.85,27.78,12.0
2009-01-14,27.8,27.78,27.8,27.78,12.0
2009-01-15,27.78,27.82,27.82,27.78,18.0
2009-01-16,27.82,27.84,27.88,27.82,76.0
2009-01-20,27.84,27.88,27.88,27.84,40.0
2009-01-21,27.88,27.84,27.88,27.84,60.0
2009-01-22,27.84,27.84,27.84,27.82,27.0
2009-01-23,27.84,27.82,27.84,27.82,41.0
2009-01-26,27.82,27.86,27.86,27.82,8.0
2009-01-27,27.86,27.88,27.88,27.86,24.0
2009-01-28,27.88,27.92,27.94,27.83,139.0
2009-01-29,27.92,27.91,27.92,27.91,20.0
2009-01-30,27.91,27.91,27.91,27.88,20.0
2009-02-02,27.91,27.98,28.0,27.89,160.0
2009-02-03,27.98,27.98,27.98,27.96,115.0
2009-02-04,27.98,27.92,28.02,27.91,132.0
2009-02-05,27.92,27.87,27.92,27.87,94.0
2009-02-06,27.87,27.87,27.87,27.87,2.0
2009-02-09,39.1,38.99,39.1,38.71,64.0
2009-02-10,38.99,38.98,39.0,38.78,84.0
2009-02-11,38.98,38.83,38.98,38.82,15.0
2009-02-12,38.83,39.15,39.2,38.83,197.0
2009-02-13,39.15,39.1,39.15,39.1,10.0
2009-02-17,34.51,34.58,34.58,34.5,28.0
2009-02-18,34.58,34.7,34.7,34.58,48.0
2009-02-19,34.39,34.39,34.4,34.31,98.0
2009-02-20,34.39,34.41,34.5,34.39,21.0
2009-02-23,34.41,34.39,34.41,34.38,47.0
2009-02-24,34.39,34.39,34.4,34.39,4.0
2009-02-25,34.39,34.4,34.58,34.39,27.0
2009-02-26,34.4,34.35,34.4,34.35,54.0
2009-02-27,34.35,34.32,34.57,34.32,62.0
2009-03-02,34.32,34.3,34.33,34.3,76.0
2009-03-03,34.3,34.1,34.3,34.1,41.0
2009-03-04,34.1,34.29,34.29,34.1,275.0
2009-03-05,34.29,34.29,34.29,34.29,0.0
2009-03-06,34.29,34.29,34.29,34.2,129.0
2009-03-09,34.29,34.2,34.29,34.2,26.0
2009-03-10,34.2,34.16,34.2,34.16,40.0
2009-03-11,34.16,33.89,34.16,33.89,110.0
2009-03-12,33.89,33.88,33.89,33.88,30.0
2009-03-13,33.88,33.86,33.88,33.85,34.0
2009-03-16,33.86,33.85,33.88,33.85,25.0
2009-03-17,33.85,33.89,33.89,33.85,4.0
2009-03-18,33.89,33.89,33.89,33.86,6.0
2009-03-19,33.89,33.9,33.9,33.89,1.0
2009-03-20,33.9,33.92,33.92,33.9,4.0
2009-03-23,33.92,33.85,33.92,33.85,38.0
2009-03-24,33.85,33.85,33.85,33.85,0.0
2009-03-25,33.85,34.0,34.0,33.85,21.0
2009-03-26,34.0,34.0,34.0,34.0,30.0
2009-03-27,34.0,34.0,34.0,34.0,27.0
2009-03-30,34.0,34.0,34.0,34.0,9.0
2009-03-31,34.0,34.0,34.0,34.0,11.0
2009-04-01,34.0,34.19,34.19,34.0,112.0
2009-04-02,34.19,34.3,34.33,34.19,34.0
2009-04-03,34.3,34.33,34.33,34.3,115.0
2009-04-06,34.33,34.3,34.33,34.3,31.0
2009-04-07,34.3,34.3,34.3,34.3,0.0
2009-04-08,34.3,34.3,34.3,34.3,0.0
2009-04-09,34.3,34.05,34.3,34.05,30.0
2009-04-13,34.05,34.2,34.2,34.05,33.0
2009-04-14,34.2,34.27,34.27,34.2,3.0
2009-04-15,34.27,33.9,34.27,33.9,40.0
2009-04-16,33.9,33.86,33.9,33.86,128.0
2009-04-17,33.86,33.89,33.89,33.86,13.0
2009-04-20,33.89,34.18,34.18,33.89,6.0
2009-04-21,34.18,34.18,34.18,34.18,0.0
2009-04-22,34.18,34.12,34.18,33.91,18.0
2009-04-23,34.12,34.2,34.3,34.12,81.0
2009-04-24,34.2,34.01,34.32,33.93,59.0
2009-04-27,34.01,34.21,34.21,33.95,16.0
2009-04-28,34.21,34.27,34.29,33.97,27.0
2009-04-29,33.88,34.25,34.28,33.56,84.0
2009-04-30,34.25,34.22,34.25,34.22,8.0
2009-05-01,34.22,33.94,34.22,33.92,16.0
2009-05-04,33.94,34.26,34.26,33.94,75.0
2009-05-05,34.26,34.29,34.29,34.26,13.0
2009-05-06,34.29,34.8,34.8,34.29,39.0
2009-05-07,34.8,34.73,34.8,34.73,2.0
2009-05-08,34.73,34.66,34.73,34.37,36.0
2009-05-11,34.66,34.73,34.73,34.65,48.0
2009-05-12,34.73,34.73,34.73,34.73,1.0
2009-05-13,34.73,34.73,34.74,34.68,54.0
2009-05-14,34.73,34.4,34.73,34.4,1.0
2009-05-15,34.4,34.4,34.4,34.4,9.0
2009-05-18,34.4,34.66,34.66,34.4,13.0
2009-05-19,34.66,34.44,34.66,34.44,1.0
2009-05-20,34.44,34.69,34.69,34.44,86.0
2009-05-21,34.69,34.47,34.69,34.47,28.0
2009-05-22,34.47,34.69,34.69,34.47,60.0
2009-05-26,34.69,34.66,34.69,34.66,9.0
2009-05-27,34.66,34.62,34.66,34.62,1.0
2009-05-28,34.62,34.51,34.62,34.51,23.0
2009-05-29,34.51,34.64,34.64,34.51,9.0
2009-06-01,34.64,34.65,34.66,34.64,52.0
2009-06-02,34.65,34.68,34.68,34.65,9.0
2009-06-03,34.68,34.74,34.74,34.68,51.0
2009-06-04,34.74,34.82,34.82,34.73,30.0
2009-06-05,34.82,34.9,34.9,34.82,72.0
2009-06-08,34.9,34.9,34.9,34.9,4.0
2009-06-09,34.9,34.9,34.97,34.9,123.0
2009-06-10,34.9,34.86,34.9,34.86,19.0
2009-06-11,34.86,34.95,34.95,34.73,37.0
2009-06-12,34.95,34.95,34.95,34.93,15.0
2009-06-15,34.95,34.76,34.95,34.76,16.0
2009-06-16,34.76,34.76,34.76,34.76,0.0
2009-06-17,34.76,34.9,34.9,34.76,8.0
2009-06-18,34.9,34.77,34.9,34.77,12.0
2009-06-19,34.77,34.85,34.85,34.77,35.0
2009-06-22,34.85,34.75,34.85,34.75,41.0
2009-06-23,34.75,34.78,34.78,34.75,4.0
2009-06-24,34.78,34.83,34.83,34.78,17.0
2009-06-25,34.83,34.75,34.84,34.75,45.0
2009-06-26,34.75,34.78,34.78,34.75,22.0
2009-06-29,34.78,34.79,34.83,34.77,89.0
2009-06-30,34.79,34.84,34.84,34.79,7.0
2009-07-01,34.84,34.84,34.84,34.79,19.0
2009-07-02,34.84,34.87,34.88,34.84,32.0
2009-07-06,34.87,34.88,34.88,34.87,75.0
2009-07-07,34.88,34.87,34.88,34.87,36.0
2009-07-08,34.63,34.63,34.87,34.62,20.0
2009-07-09,34.63,34.7,34.87,34.63,37.0
2009-07-10,34.7,35.3,35.5,34.7,187.0
2009-07-13,35.3,35.4,35.41,35.11,105.0
2009-07-14,35.4,35.4,35.41,35.33,68.0
2009-07-15,35.4,35.5,35.5,35.4,217.0
2009-07-16,35.5,35.83,35.9,35.5,324.0
2009-07-17,35.83,35.95,35.96,35.83,194.0
2009-07-20,35.95,35.81,35.95,35.8,351.0
2009-07-21,35.81,35.69,35.93,35.69,245.0
2009-07-22,35.69,35.8,35.8,35.67,113.0
2009-07-23,35.8,35.55,35.8,35.55,42.0
2009-07-24,35.55,35.76,35.76,35.55,77.0
2009-07-27,35.76,35.76,35.76,35.76,0.0
2009-07-28,35.76,35.75,35.76,35.58,11.0
2009-07-29,35.75,35.59,35.75,35.59,10.0
2009-07-30,35.59,35.58,35.59,35.55,90.0
2009-07-31,35.58,35.69,35.69,35.58,26.0
2009-08-03,35.69,35.7,35.7,35.68,13.0
2009-08-04,35.7,35.7,35.7,35.7,0.0
2009-08-05,35.7,35.59,35.7,35.59,14.0
2009-08-06,35.59,35.56,35.59,35.55,57.0
2009-08-07,35.56,35.52,35.56,35.52,143.0
2009-08-10,35.52,35.52,35.52,35.52,4.0
2009-08-11,35.51,35.48,35.51,35.48,29.0
2009-08-12,35.48,35.54,35.54,35.41,56.0
2009-08-13,35.54,35.44,35.54,35.44,19.0
2009-08-14,35.44,35.41,35.44,35.41,9.0
2009-08-17,35.41,35.29,35.41,35.29,12.0
2009-08-18,35.29,35.24,35.29,35.24,37.0
2009-08-19,35.24,35.5,35.5,35.24,27.0
2009-08-20,35.5,35.32,35.5,35.32,6.0
2009-08-21,35.32,35.33,35.33,35.32,2.0
2009-08-24,35.33,35.32,35.33,35.32,9.0
2009-08-25,35.32,35.32,35.32,35.32,2.0
2009-08-26,35.32,35.47,35.5,35.32,62.0
2009-08-27,35.47,35.33,35.47,35.33,4.0
2009-08-28,35.33,35.33,35.33,35.33,0.0
2009-08-31,35.33,35.32,35.34,35.32,55.0
2009-09-01,35.32,35.26,35.32,35.26,25.0
2009-09-02,35.26,35.22,35.26,35.22,29.0
2009-09-03,35.22,35.22,35.22,35.2,44.0
2009-09-04,35.22,35.23,35.29,35.22,46.0
2009-09-08,35.23,35.24,35.24,35.22,113.0
2009-09-09,35.24,35.24,35.24,35.24,11.0
2009-09-10,35.24,35.33,35.33,35.24,106.0
2009-09-11,35.33,35.43,35.43,35.33,57.0
2009-09-14,35.43,35.35,35.44,35.33,75.0
2009-09-15,35.36,35.03,35.49,34.99,32.0
2009-09-16,35.03,35.08,35.25,35.03,30.0
2009-09-17,35.08,35.09,35.09,35.07,20.0
2009-09-18,35.09,35.45,35.45,35.09,25.0
2009-09-21,35.45,35.26,35.45,35.26,159.0
2009-09-22,35.26,35.26,35.26,35.25,33.0
2009-09-23,35.26,35.45,35.45,35.26,37.0
2009-09-24,35.45,35.45,35.45,35.44,18.0
2009-09-25,35.45,35.48,35.48,35.45,44.0
2009-09-28,35.48,35.51,35.53,35.48,69.0
2009-09-29,35.51,35.47,35.51,35.47,16.0
2009-09-30,35.47,35.59,35.59,35.47,41.0
2009-10-01,35.59,35.36,35.59,35.36,18.0
2009-10-02,35.36,35.59,35.6,35.36,39.0
2009-10-05,35.59,35.36,35.59,35.36,76.0
2009-10-06,35.35,35.55,35.55,35.35,30.0
2009-10-07,35.55,35.54,35.55,35.53,52.0
2009-10-08,35.54,35.53,35.54,35.53,2.0
2009-10-09,35.53,35.37,35.53,35.37,23.0
2009-10-12,35.37,35.41,35.41,35.37,10.0
2009-10-13,35.41,35.41,35.41,35.41,13.0
2009-10-14,35.41,35.51,35.51,35.41,9.0
2009-10-15,35.51,35.51,35.51,35.51,0.0
2009-10-16,35.51,35.41,35.51,35.41,13.0
2009-10-19,35.41,35.42,35.42,35.41,19.0
2009-10-20,35.42,35.42,35.43,35.42,28.0
2009-10-21,35.42,35.42,35.49,35.42,5.0
2009-10-22,35.42,35.4,35.42,35.4,29.0
2009-10-23,35.4,35.49,35.49,35.4,6.0
2009-10-26,35.49,35.59,35.59,35.49,98.0
2009-10-27,35.59,35.4,35.59,35.4,200.0
2009-10-28,35.4,35.4,35.4,35.4,1.0
2009-10-29,35.4,35.56,35.56,35.4,33.0
2009-10-30,35.56,35.55,35.56,35.55,15.0
2009-11-02,35.55,35.55,35.55,35.55,0.0
2009-11-03,35.55,35.55,35.55,35.55,20.0
2009-11-04,35.55,35.55,35.58,35.55,8.0
2009-11-05,35.55,35.55,35.55,35.55,6.0
2009-11-06,35.55,35.36,35.55,35.35,109.0
2009-11-09,35.36,35.36,35.36,35.36,24.0
2009-11-10,35.36,35.36,35.55,35.36,17.0
2009-11-11,35.36,35.36,35.36,35.35,31.0
2009-11-12,35.36,35.52,35.53,35.36,11.0
2009-11-13,35.52,35.36,35.52,35.35,23.0
2009-11-16,35.36,35.3,35.37,35.3,78.0
2009-11-17,35.3,35.49,35.49,35.26,62.0
2009-11-18,35.49,35.36,35.49,35.35,5.0
2009-11-19,35.36,35.42,35.45,35.36,24.0
2009-11-20,35.02,35.13,35.68,35.02,87.0
2009-11-23,35.13,35.13,35.13,35.13,12.0
2009-11-24,35.13,35.31,35.31,35.13,63.0
2009-11-25,35.31,35.32,35.32,35.31,16.0
2009-11-27,35.32,35.45,35.46,35.31,99.0
2009-11-30,35.45,35.49,35.49,35.45,40.0
2009-12-01,35.49,35.55,35.56,35.49,30.0
2009-12-02,35.55,35.6,35.61,35.55,29.0
2009-12-03,35.6,35.6,35.64,35.6,71.0
2009-12-04,35.6,35.58,35.6,35.58,9.0
2009-12-07,35.58,35.58,35.6,35.58,126.0
2009-12-08,35.58,35.58,35.6,35.58,73.0
2009-12-09,35.58,35.56,35.58,35.56,117.0
2009-12-10,35.56,35.36,35.56,35.36,12.0
2009-12-11,35.36,35.37,35.37,35.36,3.0
2009-12-14,35.37,35.33,35.37,35.33,133.0
2009-12-15,35.33,35.6,35.6,35.33,89.0
2009-12-16,35.6,35.6,35.6,35.6,5.0
2009-12-17,35.6,35.59,35.6,35.59,1.0
2009-12-18,35.59,35.42,35.59,35.42,23.0
2009-12-21,35.42,35.55,35.55,35.42,27.0
2009-12-22,35.55,35.55,35.55,35.55,12.0
2009-12-23,35.55,35.55,35.55,35.55,6.0
2009-12-24,35.55,35.55,35.55,35.55,3.0
2009-12-28,35.55,35.6,35.6,35.55,36.0
2009-12-29,35.6,35.63,35.63,35.58,5.0
2009-12-30,35.63,35.58,35.63,35.58,10.0
2009-12-31,35.58,35.63,35.63,35.58,4.0
2010-01-04,35.63,35.64,35.64,35.63,3.0
2010-01-05,35.64,35.64,35.64,35.57,13.0
2010-01-06,35.64,35.65,35.65,35.64,19.0
2010-01-07,35.65,35.57,35.65,35.57,29.0
2010-01-08,35.57,35.55,35.57,35.55,205.0
2010-01-11,35.55,35.62,35.62,35.5,8.0
2010-01-12,35.62,35.64,35.64,35.62,13.0
2010-01-13,35.64,35.68,35.69,35.64,129.0
2010-01-14,35.68,35.68,35.68,35.65,12.0
2010-01-15,35.68,35.65,35.68,35.65,5.0
2010-01-19,35.65,35.51,35.66,35.51,25.0
2010-01-20,35.51,35.64,35.65,35.51,6.0
2010-01-21,35.64,35.64,35.64,35.64,6.0
2010-01-22,35.64,35.7,35.7,35.64,28.0
2010-01-25,35.7,35.75,35.75,35.7,81.0
2010-01-26,35.75,35.7,35.75,35.7,2.0
2010-01-27,35.7,35.75,35.75,35.7,45.0
2010-01-28,35.75,35.88,35.88,35.75,103.0
2010-01-29,35.88,35.81,35.9,35.81,94.0
2010-02-01,35.81,35.88,35.88,35.81,70.0
2010-02-02,35.77,36.0,36.3,35.77,59.0
2010-02-03,36.0,36.28,36.29,35.83,117.0
2010-02-04,36.2,36.27,36.28,36.0,93.0
2010-02-05,36.27,36.5,36.5,36.04,140.0
2010-02-08,36.49,36.39,36.49,36.39,65.0
2010-02-09,36.39,36.45,36.45,36.38,27.0
2010-02-10,36.45,36.47,36.47,36.45,186.0
2010-02-11,36.47,36.37,36.47,36.19,49.0
2010-02-12,36.37,36.35,36.37,36.31,39.0
2010-02-16,36.35,36.4,36.4,36.35,42.0
2010-02-17,36.4,36.31,36.4,36.31,13.0
2010-02-18,36.31,36.36,36.36,36.31,61.0
2010-02-19,36.36,36.31,36.36,36.31,12.0
2010-02-22,36.31,36.39,36.39,36.31,16.0
2010-02-23,36.39,36.39,36.39,36.39,0.0
2010-02-24,36.39,36.38,36.39,36.38,20.0
2010-02-25,36.38,36.4,36.4,36.35,49.0
2010-02-26,36.4,36.4,36.4,36.4,5.0
2010-03-01,36.4,36.34,36.4,36.34,5.0
2010-03-02,36.34,36.4,36.4,36.34,19.0
2010-03-03,36.4,36.4,36.4,36.4,24.0
2010-03-04,36.4,36.36,36.4,36.36,20.0
2010-03-05,36.36,36.36,36.36,36.34,102.0
2010-03-08,36.36,36.34,36.36,36.34,5.0
2010-03-09,36.34,36.4,36.4,36.34,31.0
2010-03-10,36.4,36.44,36.44,36.36,39.0
2010-03-11,36.44,36.44,36.44,36.44,0.0
2010-03-12,36.44,36.37,36.44,36.37,26.0
2010-03-15,36.37,36.37,36.44,36.37,5.0
2010-03-16,36.37,36.37,36.42,36.37,21.0
2010-03-17,36.37,36.36,36.37,36.36,106.0
2010-03-18,36.36,36.36,36.36,36.36,18.0
2010-03-19,36.36,36.37,36.42,36.36,21.0
2010-03-22,36.37,36.38,36.4,36.37,30.0
2010-03-23,36.38,36.39,36.42,36.38,50.0
2010-03-24,36.39,36.39,36.39,36.39,15.0
2010-03-25,36.39,36.39,36.39,36.39,16.0
2010-03-26,36.39,36.36,36.39,36.36,151.0
2010-03-29,36.36,36.39,36.4,36.36,82.0
2010-03-30,36.39,36.31,36.42,36.31,325.0
2010-03-31,36.31,36.31,36.31,36.31,7.0
2010-04-01,36.31,36.23,36.31,36.23,4.0
2010-04-05,36.23,36.26,36.37,36.23,40.0
2010-04-06,36.26,36.27,36.27,36.26,5.0
2010-04-07,36.27,36.26,36.27,36.26,69.0
2010-04-08,36.26,36.27,36.27,36.26,61.0
2010-04-09,36.3,36.36,36.36,36.3,42.0
2010-04-12,36.36,36.36,36.36,36.36,28.0
2010-04-13,36.02,36.12,36.39,36.01,59.0
2010-04-14,36.12,36.29,36.29,36.11,24.0
2010-04-15,36.29,36.15,36.29,36.12,26.0
2010-04-16,36.15,36.15,36.2,36.15,18.0
2010-04-19,36.15,36.25,36.25,36.15,40.0
2010-04-20,36.25,36.28,36.28,36.2,31.0
2010-04-21,36.28,36.15,36.28,36.15,11.0
2010-04-22,36.15,36.15,36.25,36.15,47.0
2010-04-23,36.15,36.25,36.27,36.15,41.0
2010-04-26,36.25,36.25,36.25,36.25,1.0
2010-04-27,36.25,36.17,36.25,36.16,3.0
2010-04-28,36.17,36.25,36.25,36.17,23.0
2010-04-29,36.25,36.26,36.26,36.25,13.0
2010-04-30,36.26,36.28,36.28,36.25,94.0
2010-05-03,36.3,36.31,36.31,36.28,16.0
2010-05-04,36.25,36.25,36.25,36.25,10.0
2010-05-05,36.25,36.25,36.25,36.25,5.0
2010-05-06,36.25,36.34,36.34,36.18,31.0
2010-05-07,36.34,36.34,36.34,36.34,10.0
2010-05-10,36.34,36.35,36.35,36.34,23.0
2010-05-11,36.35,36.36,36.36,36.34,10.0
2010-05-12,36.36,36.37,36.37,36.36,23.0
2010-05-13,36.37,36.34,36.37,36.34,11.0
2010-05-14,36.34,36.3,36.34,36.2,23.0
2010-05-17,36.3,36.3,36.3,36.2,19.0
2010-05-18,36.3,36.3,36.3,36.3,2.0
2010-05-19,36.3,36.18,36.3,36.18,69.0
2010-05-20,36.18,36.2,36.2,36.18,26.0
2010-05-21,36.2,36.2,36.2,36.2,17.0
2010-05-24,36.2,36.29,36.29,36.2,26.0
2010-05-25,36.29,36.23,36.29,36.23,22.0
2010-05-26,36.23,36.22,36.23,36.22,66.0
2010-05-27,36.22,36.22,36.22,36.2,76.0
2010-05-28,36.22,36.15,36.24,36.13,172.0
2010-06-01,36.15,36.34,36.34,36.11,63.0
2010-06-02,36.34,36.32,36.34,36.32,153.0
2010-06-03,36.32,36.32,36.34,36.32,25.0
2010-06-04,36.32,36.32,36.32,36.32,75.0
2010-06-07,36.32,36.31,36.32,36.31,18.0
2010-06-08,36.31,36.31,36.32,36.21,30.0
2010-06-09,36.31,36.31,36.31,36.31,0.0
2010-06-10,36.31,36.31,36.31,36.3,12.0
2010-06-11,36.3,36.22,36.31,36.22,20.0
2010-06-14,36.22,36.22,36.22,36.22,0.0
2010-06-15,36.22,36.31,36.32,36.22,50.0
2010-06-16,36.31,36.39,36.4,36.31,52.0
2010-06-17,36.39,36.45,36.45,36.39,473.0
2010-06-18,36.45,36.48,36.5,36.41,22.0
2010-06-21,36.41,36.45,36.58,36.41,30.0
2010-06-22,36.45,36.41,36.45,36.41,48.0
2010-06-23,36.41,36.55,36.55,36.41,22.0
2010-06-24,36.55,36.29,36.55,36.29,39.0
2010-06-25,36.29,36.3,36.42,36.28,39.0
2010-06-28,36.3,36.42,36.42,36.29,45.0
2010-06-29,36.42,36.42,36.42,36.42,19.0
2010-06-30,36.42,36.41,36.42,36.29,11.0
2010-07-01,36.41,36.31,36.41,36.3,14.0
2010-07-02,36.31,36.31,36.31,36.31,2.0
2010-07-06,36.31,36.31,36.31,36.31,21.0
2010-07-07,36.31,36.4,36.4,36.31,6.0
2010-07-08,36.4,36.5,36.5,36.4,45.0
2010-07-09,36.5,36.45,36.5,36.45,13.0
2010-07-12,36.45,36.45,36.45,36.45,1.0
2010-07-13,36.45,36.33,36.45,36.32,28.0
2010-07-14,36.33,36.33,36.33,36.33,0.0
2010-07-15,36.33,36.33,36.44,36.33,14.0
2010-07-16,36.33,36.44,36.44,36.33,64.0
2010-07-19,36.44,36.4,36.44,36.4,94.0
2010-07-20,36.4,36.43,36.43,36.4,34.0
2010-07-21,36.43,36.4,36.43,36.4,24.0
2010-07-22,36.4,36.34,36.4,36.34,21.0
2010-07-23,36.34,36.34,36.34,36.34,3.0
2010-07-26,36.34,36.44,36.44,36.34,16.0
2010-07-27,36.44,36.38,36.44,36.38,1.0
2010-07-28,36.38,36.38,36.38,36.38,5.0
2010-07-29,36.38,36.38,36.38,36.38,1.0
2010-07-30,36.38,36.4,36.4,36.38,3.0
2010-08-02,36.4,36.44,36.44,36.4,18.0
2010-08-03,36.45,36.43,36.46,36.42,37.0
2010-08-04,36.43,36.46,36.47,36.43,15.0
2010-08-05,36.46,36.46,36.46,36.46,8.0
2010-08-06,36.46,36.47,36.48,36.46,27.0
2010-08-09,36.47,36.36,36.47,36.36,26.0
2010-08-10,36.36,36.35,36.36,36.35,8.0
2010-08-11,36.35,36.32,36.35,36.32,28.0
2010-08-12,36.32,36.32,36.33,36.32,42.0
2010-08-13,36.32,36.38,36.38,36.32,158.0
2010-08-16,36.38,36.38,36.38,36.37,18.0
2010-08-17,36.38,36.44,36.44,36.38,17.0
2010-08-18,36.44,36.55,36.55,36.44,116.0
2010-08-19,36.55,36.5,36.57,36.5,26.0
2010-08-20,36.41,36.53,36.53,36.41,5.0
2010-08-23,36.53,36.5,36.53,36.43,54.0
2010-08-24,36.5,36.52,36.53,36.5,74.0
2010-08-25,36.52,36.42,36.54,36.42,283.0
2010-08-26,36.42,36.54,36.55,36.42,35.0
2010-08-27,36.54,36.54,36.54,36.54,1.0
2010-08-30,36.54,36.52,36.54,36.52,14.0
2010-08-31,36.52,36.59,36.59,36.38,25.0
2010-09-01,36.59,36.78,36.78,36.59,136.0
2010-09-02,36.78,36.67,36.79,36.67,171.0
2010-09-03,36.67,36.78,36.78,36.67,2.0
2010-09-07,36.78,36.76,36.78,36.76,41.0
2010-09-08,36.76,36.84,36.84,36.76,36.0
2010-09-09,36.84,37.29,37.4,36.84,265.0
2010-09-10,37.29,37.1,37.29,37.08,109.0
2010-09-13,37.1,37.26,37.26,37.1,32.0
2010-09-14,37.26,37.28,37.28,37.26,21.0
2010-09-15,37.28,37.01,37.28,37.01,95.0
2010-09-16,37.01,37.09,37.15,37.0,36.0
2010-09-17,37.09,37.08,37.15,37.08,35.0
2010-09-20,37.08,37.08,37.18,37.08,46.0
2010-09-21,37.08,37.08,37.08,37.08,17.0
2010-09-22,37.08,37.17,37.18,37.08,67.0
2010-09-23,37.17,37.22,37.24,37.17,76.0
2010-09-24,37.22,37.17,37.22,37.17,27.0
2010-09-27,37.17,37.22,37.22,37.17,74.0
2010-09-28,37.22,37.29,37.29,37.2,54.0
2010-09-29,37.29,37.23,37.29,37.23,6.0
2010-09-30,37.23,37.28,37.28,37.23,20.0
2010-10-01,37.28,37.23,37.31,37.23,180.0
2010-10-04,37.23,37.32,37.32,37.23,40.0
2010-10-05,37.32,37.25,37.33,37.25,11.0
2010-10-06,37.25,37.23,37.25,37.23,11.0
2010-10-07,37.23,37.23,37.24,37.23,8.0
2010-10-08,37.23,37.18,37.28,37.18,100.0
2010-10-11,37.18,37.26,37.28,37.18,13.0
2010-10-12,37.26,37.24,37.26,37.24,1.0
2010-10-13,37.24,37.23,37.24,37.23,3.0
2010-10-14,37.23,37.18,37.23,37.18,57.0
2010-10-15,37.17,37.17,37.17,37.17,54.0
2010-10-18,37.17,37.2,37.2,37.17,32.0
2010-10-19,37.2,37.2,37.23,37.2,41.0
2010-10-20,37.2,37.3,37.3,37.2,38.0
2010-10-21,37.3,37.26,37.3,37.26,13.0
2010-10-22,37.26,37.2,37.26,37.2,10.0
2010-10-25,37.2,37.2,37.2,37.2,9.0
2010-10-26,37.2,37.25,37.25,37.2,5.0
2010-10-27,37.25,37.25,37.25,37.21,49.0
2010-10-28,37.25,37.27,37.27,37.25,28.0
2010-10-29,37.27,37.27,37.29,37.27,62.0
2010-11-01,37.27,37.2,37.27,37.18,26.0
2010-11-02,37.2,37.16,37.24,37.16,119.0
2010-11-03,37.16,37.12,37.22,37.1,73.0
2010-11-04,37.12,37.74,37.74,37.12,109.0
2010-11-05,37.75,37.5,37.75,37.36,121.0
2010-11-08,37.37,37.48,37.48,37.36,60.0
2010-11-09,37.48,37.45,37.48,37.45,17.0
2010-11-10,37.45,37.61,37.63,37.45,49.0
2010-11-11,37.61,37.67,37.67,37.53,56.0
2010-11-12,37.67,37.69,37.7,37.62,172.0
2010-11-15,37.69,37.82,37.87,37.69,257.0
2010-11-16,37.82,37.9,37.98,37.81,117.0
2010-11-17,37.9,38.1,38.1,37.88,245.0
2010-11-18,38.1,38.46,38.47,38.1,419.0
2010-11-19,38.46,38.3,38.46,38.2,115.0
2010-11-22,38.3,38.06,38.3,38.05,100.0
2010-11-23,38.06,38.09,38.22,38.06,33.0
2010-11-24,38.09,38.18,38.19,38.07,39.0
2010-11-26,38.18,38.2,38.23,38.1,93.0
2010-11-29,38.2,38.22,38.23,38.2,48.0
2010-11-30,38.22,38.3,38.3,38.22,56.0
2010-12-01,38.3,38.4,38.4,38.29,73.0
2010-12-02,38.4,38.45,38.45,38.36,178.0
2010-12-03,38.5,39.09,39.09,38.5,637.0
2010-12-06,39.09,39.23,39.5,39.09,1079.0
2010-12-07,39.24,39.0,39.24,38.94,158.0
2010-12-08,39.0,39.1,39.1,39.0,72.0
2010-12-09,39.1,38.96,39.1,38.95,180.0
2010-12-10,38.96,38.88,39.09,38.88,118.0
2010-12-13,38.88,38.65,38.88,38.6,158.0
2010-12-14,38.65,38.59,38.66,38.59,33.0
2010-12-15,38.59,38.66,38.66,38.59,52.0
2010-12-16,38.66,38.68,38.8,38.66,66.0
2010-12-17,38.7,38.7,38.7,38.69,36.0
2010-12-20,38.7,38.84,38.84,38.7,49.0
2010-12-21,38.84,38.75,38.85,38.75,145.0
2010-12-22,38.75,38.77,38.83,38.75,16.0
2010-12-23,38.77,38.69,38.77,38.69,322.0
2010-12-27,38.69,38.68,38.73,38.68,24.0
2010-12-28,38.68,38.67,38.68,38.65,33.0
2010-12-29,38.67,38.62,38.67,38.61,23.0
2010-12-30,38.62,38.85,38.85,38.62,69.0
2010-12-31,38.73,38.74,38.88,38.73,38.0
2011-01-03,38.74,38.85,38.85,38.73,51.0
2011-01-04,38.85,38.92,38.93,38.85,111.0
2011-01-05,38.92,39.0,39.02,38.9,171.0
2011-01-06,39.0,38.93,39.0,38.93,79.0
2011-01-07,38.93,38.97,38.98,38.93,80.0
2011-01-10,38.98,38.95,38.99,38.95,74.0
2011-01-11,38.94,38.71,38.95,38.63,75.0
2011-01-12,38.71,38.83,38.9,38.71,150.0
2011-01-13,38.5,38.9,38.92,38.3,91.0
2011-01-14,38.9,38.9,39.37,38.9,119.0
2011-01-18,38.9,38.98,39.1,38.72,57.0
2011-01-19,38.98,38.8,38.99,38.79,51.0
2011-01-20,38.78,38.7,38.8,38.6,123.0
2011-01-21,38.7,38.65,38.7,38.53,56.0
2011-01-24,38.65,38.7,38.8,38.65,57.0
2011-01-25,38.7,38.65,38.7,38.65,16.0
2011-01-26,38.65,38.58,38.87,38.51,23.0
2011-01-27,38.58,38.58,38.78,38.58,47.0
2011-01-28,38.58,38.53,38.58,38.52,203.0
2011-01-31,38.53,38.56,38.72,38.53,94.0
2011-02-01,38.56,38.77,38.77,38.56,54.0
2011-02-02,38.77,38.53,38.77,38.53,130.0
2011-02-03,38.53,38.7,38.71,38.53,42.0
2011-02-04,38.7,38.5,38.7,38.5,269.0
2011-02-07,38.5,38.4,38.57,38.4,52.0
2011-02-08,38.4,38.42,38.5,38.31,84.0
2011-02-09,38.42,38.5,38.5,38.35,115.0
2011-02-10,38.5,38.48,38.5,38.47,62.0
2011-02-11,38.48,38.41,38.48,38.41,42.0
2011-02-14,38.41,38.55,38.55,38.41,419.0
2011-02-15,38.55,38.64,38.64,38.55,22.0
2011-02-16,38.64,38.64,38.64,38.64,0.0
2011-02-17,37.33,37.37,37.37,37.33,39.0
2011-02-18,37.37,37.36,37.37,37.33,128.0
2011-02-22,37.36,37.41,37.45,37.36,179.0
2011-02-23,37.41,37.44,37.44,37.32,239.0
2011-02-24,37.44,37.44,37.44,37.43,14.0
2011-02-25,36.95,36.95,36.99,36.93,109.0
2011-02-28,36.95,36.96,36.98,36.92,127.0
2011-03-01,36.96,36.95,36.96,36.72,261.0
2011-03-02,36.95,36.76,36.96,36.76,142.0
2011-03-03,36.76,36.52,36.76,36.51,259.0
2011-03-04,36.52,36.62,36.7,36.52,126.0
2011-03-07,36.62,36.56,36.65,36.55,281.0
2011-03-08,36.56,36.57,36.63,36.55,116.0
2011-03-09,36.57,36.54,36.6,36.54,133.0
2011-03-10,36.54,36.51,36.59,36.5,206.0
2011-03-11,36.51,36.31,36.51,36.31,170.0
2011-03-14,36.31,36.12,36.32,36.01,455.0
2011-03-15,36.12,36.11,36.29,36.1,215.0
2011-03-16,36.11,36.15,36.31,36.1,386.0
2011-03-17,36.15,36.27,36.64,36.15,204.0
2011-03-18,36.27,36.3,36.69,36.27,172.0
2011-03-21,36.3,36.3,36.4,36.25,172.0
2011-03-22,36.3,36.28,36.45,36.26,94.0
2011-03-23,36.28,36.26,36.28,36.25,145.0
2011-03-24,36.26,36.41,36.41,36.25,58.0
2011-03-25,36.41,36.26,36.41,36.26,44.0
2011-03-28,36.26,36.27,36.27,36.26,97.0
2011-03-29,36.27,36.27,36.28,36.26,103.0
2011-03-30,36.27,36.26,36.38,36.25,140.0
2011-03-31,36.26,36.21,36.29,36.21,173.0
2011-04-01,36.21,36.21,36.26,36.2,104.0
2011-04-04,36.21,36.21,36.21,36.2,146.0
2011-04-05,36.21,36.2,36.35,36.2,107.0
2011-04-06,36.2,36.23,36.44,36.2,326.0
2011-04-07,36.23,36.55,36.6,36.23,359.0
2011-04-08,36.55,36.23,36.55,36.23,361.0
2011-04-11,36.23,36.27,36.48,36.23,75.0
2011-04-12,36.27,36.29,36.42,36.27,104.0
2011-04-13,36.29,36.58,36.6,36.29,455.0
2011-04-14,36.58,36.32,36.6,36.3,237.0
2011-04-15,36.32,36.35,36.56,36.32,265.0
2011-04-18,36.35,36.57,36.6,36.35,197.0
2011-04-19,36.57,36.6,36.67,36.4,173.0
2011-04-20,36.6,36.72,36.79,36.6,253.0
2011-04-21,36.72,36.77,36.9,36.72,257.0
2011-04-25,36.77,36.94,36.98,36.77,449.0
2011-04-26,36.94,37.19,37.37,36.9,1005.0
2011-04-27,37.19,37.19,37.4,37.16,1735.0
2011-04-28,37.19,37.37,37.41,37.19,719.0
2011-04-29,37.37,37.5,37.57,37.37,1084.0
2011-05-02,37.5,37.53,37.57,37.49,739.0
2011-05-03,37.53,37.4,37.55,37.4,410.0
2011-05-04,37.4,37.48,37.5,37.4,277.0
2011-05-05,37.48,37.5,37.51,37.46,589.0
2011-05-06,37.5,37.49,37.51,37.48,456.0
2011-05-09,37.71,38.7,38.86,37.6,8278.0
2011-05-10,38.58,38.56,38.76,38.51,2243.0
2011-05-11,38.56,38.4,38.6,38.38,1142.0
2011-05-12,38.39,38.47,38.48,38.3,822.0
2011-05-13,38.47,38.51,38.59,38.47,600.0
2011-05-16,38.51,38.48,38.59,38.47,498.0
2011-05-17,38.46,38.25,38.46,38.21,403.0
2011-05-18,38.25,38.42,38.48,38.25,340.0
2011-05-19,38.42,38.36,38.42,38.36,226.0
2011-05-20,38.36,38.4,38.5,38.32,971.0
2011-05-23,38.4,38.43,38.45,38.33,267.0
2011-05-24,38.43,38.44,38.45,38.4,321.0
2011-05-25,38.4,38.33,38.41,38.32,271.0
2011-05-26,38.33,38.33,38.38,38.24,488.0
2011-05-27,38.33,38.37,38.39,38.24,218.0
2011-05-31,38.37,38.24,38.37,38.24,210.0
2011-06-01,38.24,38.23,38.3,38.23,324.0
2011-06-02,38.23,38.27,38.29,38.23,276.0
2011-06-03,38.27,38.23,38.28,38.22,341.0
2011-06-06,38.24,38.26,38.27,38.22,199.0
2011-06-07,38.26,38.2,38.28,38.2,376.0
2011-06-08,38.2,38.19,38.28,38.18,133.0
2011-06-09,38.19,38.29,38.29,38.19,151.0
2011-06-10,38.29,38.29,38.29,38.19,46.0
2011-06-13,38.29,38.43,38.44,38.29,361.0
2011-06-14,38.43,38.49,38.5,38.42,279.0
2011-06-15,38.49,38.44,38.5,38.4,133.0
2011-06-16,38.45,38.55,38.55,38.44,832.0
2011-06-17,38.57,38.56,38.6,38.5,837.0
2011-06-20,38.56,38.57,38.59,38.53,205.0
2011-06-21,38.57,38.56,38.58,38.54,138.0
2011-06-22,38.56,38.54,38.56,38.52,191.0
2011-06-23,38.54,38.54,38.56,38.5,332.0
2011-06-24,38.54,38.34,38.54,38.28,175.0
2011-06-27,38.34,38.25,38.34,38.19,315.0
2011-06-28,38.25,38.31,38.44,38.25,80.0
2011-06-29,38.31,38.44,38.44,38.31,64.0
2011-06-30,38.44,38.43,38.44,38.33,131.0
2011-07-01,38.43,38.44,38.44,38.36,312.0
2011-07-05,38.44,38.43,38.44,38.38,169.0
2011-07-06,38.43,38.36,38.5,38.36,160.0
2011-07-07,38.36,38.32,38.4,38.32,242.0
2011-07-08,38.32,38.34,38.34,38.31,217.0
2011-07-11,38.34,38.34,38.34,38.31,387.0
2011-07-12,38.31,38.34,38.34,38.28,265.0
2011-07-13,38.34,38.3,38.34,38.3,178.0
2011-07-14,38.29,38.32,38.34,38.28,347.0
2011-07-15,38.32,38.37,38.4,38.32,655.0
2011-07-18,38.03,37.8,38.03,37.65,2238.0
2011-07-19,37.8,37.98,38.02,37.73,375.0
2011-07-20,37.98,38.02,38.02,37.83,290.0
2011-07-21,38.02,38.04,38.18,38.02,380.0
2011-07-22,38.04,38.16,38.17,38.0,611.0
2011-07-25,38.16,38.04,38.17,38.04,218.0
2011-07-26,38.04,38.02,38.1,38.02,392.0
2011-07-27,38.02,38.01,38.03,37.99,748.0
2011-07-28,38.01,38.06,38.07,38.0,322.0
2011-07-29,38.06,38.01,38.09,38.0,148.0
2011-08-01,38.01,38.0,38.02,38.0,311.0
2011-08-02,38.0,37.95,38.0,37.95,495.0
2011-08-03,37.99,37.96,37.99,37.95,224.0
2011-08-04,37.96,38.0,38.01,37.93,297.0
2011-08-05,38.0,38.06,38.06,38.0,122.0
2011-08-08,38.06,38.02,38.06,38.0,128.0
2011-08-09,38.02,38.0,38.06,38.0,44.0
2011-08-10,38.0,38.01,38.05,38.0,42.0
2011-08-11,38.01,38.04,38.04,38.0,60.0
2011-08-12,38.04,38.04,38.07,38.04,105.0
2011-08-15,38.04,38.0,38.04,38.0,48.0
2011-08-16,38.01,38.01,38.01,37.99,80.0
2011-08-17,38.01,38.0,38.01,38.0,51.0
2011-08-18,38.0,38.01,38.04,38.0,48.0
2011-08-19,38.0,38.01,38.05,38.0,86.0
2011-08-22,38.01,38.01,38.02,38.01,30.0
2011-08-23,38.01,38.01,38.02,38.0,105.0
2011-08-24,38.01,38.01,38.02,38.0,182.0
2011-08-25,38.01,37.95,38.01,37.95,161.0
2011-08-26,37.95,37.95,37.95,37.93,83.0
2011-08-29,37.95,37.94,37.96,37.94,35.0
2011-08-30,37.94,37.95,37.95,37.93,127.0
2011-08-31,37.95,37.94,37.97,37.93,92.0
2011-09-01,37.94,37.94,37.97,37.94,27.0
2011-09-02,37.94,37.91,37.95,37.91,149.0
2011-09-06,37.91,37.85,37.91,37.85,151.0
2011-09-07,37.85,37.78,37.85,37.78,150.0
2011-09-08,37.78,37.81,37.83,37.78,112.0
2011-09-09,37.81,37.76,37.83,37.76,231.0
2011-09-12,37.76,37.76,37.78,37.74,158.0
2011-09-13,37.76,37.62,37.76,37.6,550.0
2011-09-14,37.61,37.7,37.75,37.6,288.0
2011-09-15,37.7,37.77,37.77,37.69,116.0
2011-09-16,37.77,37.65,37.77,37.65,144.0
2011-09-19,37.65,37.78,37.78,37.65,136.0
2011-09-20,37.78,37.53,37.78,37.53,403.0
2011-09-21,37.53,37.51,37.65,37.51,444.0
2011-09-22,37.51,37.54,37.56,37.5,292.0
2011-09-23,37.53,37.29,37.53,37.12,631.0
2011-09-26,37.29,37.82,37.9,37.23,922.0
2011-09-27,37.82,37.96,37.97,37.78,567.0
2011-09-28,37.96,38.03,38.16,37.96,548.0
2011-09-29,38.03,37.91,38.03,37.91,94.0
2011-09-30,37.91,37.76,37.91,37.75,181.0
2011-10-03,37.76,37.75,37.83,37.74,233.0
2011-10-04,37.75,37.97,38.01,37.75,348.0
2011-10-05,37.97,37.95,38.01,37.95,259.0
2011-10-06,37.95,37.98,37.98,37.93,59.0
2011-10-07,37.98,37.9,37.98,37.9,83.0
2011-10-10,37.9,37.86,37.9,37.85,157.0
2011-10-11,37.86,37.93,37.93,37.86,643.0
2011-10-12,37.93,37.9,37.93,37.9,79.0
2011-10-13,37.9,37.92,37.92,37.9,92.0
2011-10-14,37.92,37.91,37.92,37.9,89.0
2011-10-17,37.91,37.95,37.95,37.91,123.0
2011-10-18,37.95,37.9,37.95,37.88,462.0
2011-10-19,37.9,37.88,37.9,37.87,63.0
2011-10-20,37.88,37.89,37.89,37.88,159.0
2011-10-21,37.89,37.88,37.89,37.88,98.0
2011-10-24,37.88,37.88,37.88,37.88,92.0
2011-10-25,37.88,37.88,37.89,37.88,47.0
2011-10-26,37.88,37.89,37.89,37.88,32.0
2011-10-27,37.89,37.87,37.89,37.87,183.0
2011-10-28,37.87,37.88,37.89,37.87,62.0
2011-10-31,37.88,37.89,37.9,37.88,320.0
2011-11-01,37.9,37.86,37.9,37.86,252.0
2011-11-02,37.86,37.88,37.89,37.86,149.0
2011-11-03,37.88,37.87,37.88,37.86,155.0
2011-11-04,37.87,37.86,37.87,37.85,105.0
2011-11-07,37.86,37.86,37.87,37.85,146.0
2011-11-08,37.86,37.85,37.86,37.85,62.0
2011-11-09,37.85,37.74,37.85,37.73,342.0
2011-11-10,37.74,37.55,37.75,37.55,587.0
2011-11-11,37.55,37.75,37.75,37.55,291.0
2011-11-14,37.75,37.69,37.84,37.69,419.0
2011-11-15,37.69,37.69,37.79,37.69,17.0
2011-11-16,37.69,37.67,37.71,37.67,193.0
2011-11-17,37.67,37.69,37.71,37.67,80.0
2011-11-18,37.69,37.7,37.75,37.68,86.0
2011-11-21,37.7,37.72,37.76,37.7,143.0
2011-11-22,37.72,37.7,37.79,37.7,507.0
2011-11-23,37.72,37.75,37.83,37.72,245.0
2011-11-25,37.75,37.83,37.83,37.75,157.0
2011-11-28,37.82,37.83,37.84,37.82,114.0
2011-11-29,37.83,37.85,37.88,37.83,281.0
2011-11-30,37.85,37.79,37.85,37.77,198.0
2011-12-01,37.91,37.67,37.91,37.6,247.0
2011-12-02,37.67,37.8,37.8,37.67,111.0
2011-12-05,37.8,37.87,37.88,37.77,214.0
2011-12-06,37.87,37.82,37.9,37.8,190.0
2011-12-07,37.82,37.79,37.85,37.79,192.0
2011-12-08,37.79,37.87,37.87,37.79,117.0
2011-12-09,37.87,37.9,37.95,37.85,123.0
2011-12-12,37.9,38.15,38.17,37.89,267.0
2011-12-13,38.15,38.15,38.17,38.04,377.0
2011-12-14,38.15,38.11,38.17,38.1,234.0
2011-12-15,38.11,38.13,38.13,38.05,211.0
2011-12-16,38.13,38.07,38.13,38.04,140.0
2011-12-19,38.07,38.05,38.12,38.04,302.0
2011-12-20,38.05,38.05,38.07,38.04,206.0
2011-12-21,38.05,38.11,38.11,38.05,170.0
2011-12-22,38.11,38.07,38.12,38.07,146.0
2011-12-23,38.07,38.08,38.12,38.06,212.0
2011-12-27,38.08,38.1,38.11,38.05,229.0
2011-12-28,38.1,38.13,38.13,38.1,191.0
2011-12-29,38.13,38.1,38.14,38.1,138.0
2011-12-30,38.1,38.05,38.1,38.05,180.0
2012-01-03,38.05,38.05,38.05,38.04,154.0
2012-01-04,38.05,38.01,38.05,38.01,165.0
2012-01-05,38.01,38.0,38.03,38.0,94.0
2012-01-06,38.0,37.96,38.03,37.96,94.0
2012-01-09,37.96,37.99,38.0,37.96,71.0
2012-01-10,37.99,38.18,38.18,37.99,249.0
2012-01-11,38.18,38.29,38.29,38.16,391.0
2012-01-12,38.29,38.15,38.29,38.15,709.0
2012-01-13,38.15,38.2,38.24,38.15,380.0
2012-01-17,38.2,38.21,38.22,38.15,769.0
2012-01-18,38.21,38.19,38.21,38.16,715.0
2012-01-19,38.19,38.13,38.19,38.13,114.0
2012-01-20,38.13,38.1,38.13,38.1,71.0
2012-01-23,38.1,38.1,38.11,38.1,57.0
2012-01-24,38.1,38.13,38.13,38.08,141.0
2012-01-25,38.13,38.14,38.14,38.13,83.0
2012-01-26,38.14,38.09,38.14,38.09,57.0
2012-01-27,38.09,38.1,38.1,38.09,54.0
2012-01-30,38.1,38.07,38.14,38.07,77.0
2012-01-31,38.07,38.19,38.19,38.06,390.0
2012-02-01,38.2,38.28,38.28,38.19,1036.0
2012-02-02,38.28,38.34,38.39,38.26,1546.0
2012-02-03,38.35,38.5,38.51,38.34,2558.0
2012-02-06,38.5,38.4,38.51,38.4,1021.0
2012-02-07,38.4,38.34,38.4,38.2,880.0
2012-02-08,38.4,38.45,38.5,38.4,2206.0
2012-02-09,38.45,38.42,38.45,38.4,607.0
2012-02-10,38.49,38.66,38.99,38.44,574.0
2012-02-13,38.66,38.26,38.69,38.26,547.0
2012-02-14,38.26,38.3,38.3,38.07,586.0
2012-02-15,38.3,38.27,38.44,38.22,202.0
2012-02-16,38.27,38.34,38.34,38.27,80.0
2012-02-17,38.34,38.3,38.34,38.29,63.0
2012-02-21,38.3,38.23,38.3,38.22,302.0
2012-02-22,38.23,38.14,38.23,38.13,495.0
2012-02-23,38.14,38.1,38.14,38.09,416.0
2012-02-24,38.1,38.11,38.11,38.09,335.0
2012-02-27,38.13,38.08,38.15,38.08,535.0
2012-02-28,38.08,37.98,38.1,37.95,745.0
2012-02-29,37.98,37.95,38.06,37.95,584.0
2012-03-01,37.95,37.87,37.96,37.87,524.0
2012-03-02,37.86,37.82,37.88,37.8,664.0
2012-03-05,37.82,37.96,38.0,37.8,569.0
2012-03-06,37.96,37.95,38.0,37.93,739.0
2012-03-07,37.95,38.01,38.05,37.95,587.0
2012-03-08,38.01,37.9,38.01,37.9,424.0
2012-03-09,37.91,37.89,37.92,37.86,839.0
2012-03-12,37.9,37.95,37.99,37.89,519.0
2012-03-13,37.95,37.89,37.97,37.89,421.0
2012-03-14,37.89,37.88,37.93,37.88,493.0
2012-03-15,37.88,37.84,37.89,37.83,384.0
2012-03-16,37.84,37.91,38.03,37.84,164.0
2012-03-19,38.02,38.03,38.08,37.91,220.0
2012-03-20,38.03,38.01,38.06,38.01,172.0
2012-03-21,38.01,38.03,38.08,38.0,251.0
2012-03-22,38.03,38.01,38.08,38.0,262.0
2012-03-23,38.01,38.0,38.04,38.0,195.0
2012-03-26,38.0,38.12,38.16,38.0,298.0
2012-03-27,38.12,38.09,38.17,38.09,172.0
2012-03-28,38.09,38.04,38.11,38.02,182.0
2012-03-29,38.04,38.0,38.04,37.98,339.0
2012-03-30,38.0,38.0,38.03,38.0,185.0
2012-04-02,38.0,37.97,38.01,37.97,145.0
2012-04-03,37.97,37.97,37.97,37.92,222.0
2012-04-04,37.97,37.95,38.04,37.94,291.0
2012-04-05,37.95,37.96,38.04,37.95,65.0
2012-04-09,37.96,38.14,38.14,37.94,553.0
2012-04-10,38.14,38.01,38.14,38.01,43.0
2012-04-11,38.01,38.11,38.14,38.01,50.0
2012-04-12,38.11,38.27,38.27,38.11,197.0
2012-04-13,38.26,38.19,38.26,38.19,124.0
2012-04-16,38.19,38.2,38.22,38.18,195.0
2012-04-17,38.2,38.19,38.2,38.18,263.0
2012-04-18,38.19,38.23,38.24,38.18,430.0
2012-04-19,38.23,38.21,38.29,38.17,605.0
2012-04-20,38.3,38.12,38.5,38.11,361.0
2012-04-23,38.12,37.95,38.12,37.7,476.0
2012-04-24,37.95,37.83,38.0,37.81,746.0
2012-04-25,37.83,37.89,37.91,37.83,301.0
2012-04-26,37.89,37.99,37.99,37.89,128.0
2012-04-27,37.99,37.86,37.99,37.85,104.0
2012-04-30,37.86,37.91,37.95,37.86,152.0
2012-05-01,37.91,38.0,38.0,37.89,279.0
2012-05-02,38.0,38.23,38.23,38.0,488.0
2012-05-03,38.21,38.26,38.29,38.21,473.0
2012-05-04,38.26,38.49,38.71,38.26,1002.0
2012-05-07,38.49,38.46,38.55,38.36,533.0
2012-05-08,38.46,38.5,38.53,38.4,282.0
2012-05-09,38.5,38.4,38.5,38.32,310.0
2012-05-10,38.4,38.42,38.43,38.37,95.0
2012-05-11,38.42,38.33,38.42,38.32,177.0
2012-05-14,38.36,38.37,38.38,38.33,69.0
2012-05-15,38.37,38.38,38.42,38.37,142.0
2012-05-16,38.38,38.38,38.39,38.35,179.0
2012-05-17,38.38,38.38,38.38,38.32,92.0
2012-05-18,38.38,38.42,38.42,38.32,193.0
2012-05-21,38.42,38.4,38.43,38.32,222.0
2012-05-22,38.4,38.35,38.5,38.31,499.0
2012-05-23,38.35,38.36,38.51,38.34,294.0
2012-05-24,38.36,38.5,38.51,38.34,387.0
2012-05-25,38.5,38.39,38.5,38.34,368.0
2012-05-29,38.39,38.5,38.5,38.35,709.0
2012-05-30,38.5,38.49,38.55,38.49,344.0
2012-05-31,38.49,38.58,38.59,38.41,566.0
2012-06-01,38.58,38.69,38.69,38.57,401.0
2012-06-04,38.69,38.64,38.75,38.6,551.0
2012-06-05,38.64,38.62,38.64,38.57,261.0
2012-06-06,38.62,38.51,38.66,38.51,305.0
2012-06-07,38.51,38.5,38.51,38.46,301.0
2012-06-08,38.5,38.63,38.65,38.49,457.0
2012-06-11,38.63,38.6,38.63,38.58,294.0
2012-06-12,38.58,38.53,38.58,38.52,146.0
2012-06-13,38.57,38.78,38.8,38.52,740.0
2012-06-14,38.78,38.78,38.78,38.72,286.0
2012-06-15,38.76,38.79,38.81,38.62,529.0
2012-06-18,38.79,38.75,38.79,38.71,233.0
2012-06-19,38.75,38.8,38.81,38.72,603.0
2012-06-20,38.81,38.84,38.88,38.81,412.0
2012-06-21,38.84,38.75,38.85,38.73,417.0
2012-06-22,38.75,38.71,38.76,38.71,188.0
2012-06-25,38.71,38.68,38.72,38.68,744.0
2012-06-26,38.68,38.8,38.8,38.66,643.0
2012-06-27,38.8,38.81,38.82,38.71,571.0
2012-06-28,38.8,38.92,38.93,38.69,701.0
2012-06-29,38.92,39.42,39.42,38.76,615.0
2012-07-02,39.42,39.24,39.45,39.2,980.0
2012-07-03,39.27,39.48,39.48,39.24,771.0
2012-07-05,39.45,39.18,39.49,39.18,634.0
2012-07-06,39.18,39.2,39.3,39.15,253.0
2012-07-09,39.2,39.13,39.2,39.13,397.0
2012-07-10,39.13,39.16,39.16,39.09,491.0
2012-07-11,39.16,39.23,39.23,39.15,271.0
2012-07-12,39.23,39.14,39.3,39.14,281.0
2012-07-13,39.14,39.09,39.14,39.09,340.0
2012-07-16,39.09,39.0,39.09,38.97,344.0
2012-07-17,39.0,38.99,39.02,38.98,94.0
2012-07-18,38.99,39.07,39.07,38.99,224.0
2012-07-19,39.07,39.08,39.12,39.07,307.0
2012-07-20,39.08,38.83,39.08,38.83,406.0
2012-07-23,38.83,38.94,38.97,38.83,209.0
2012-07-24,38.94,38.9,38.94,38.89,109.0
2012-07-25,38.9,38.73,38.9,38.73,309.0
2012-07-26,38.73,38.66,38.75,38.66,398.0
2012-07-27,38.66,38.71,38.72,38.66,219.0
2012-07-30,38.71,38.85,38.85,38.71,125.0
2012-07-31,38.85,38.72,38.85,38.71,137.0
2012-08-01,38.72,38.7,38.73,38.7,166.0
2012-08-02,38.7,38.69,38.74,38.69,357.0
2012-08-03,38.69,38.55,38.69,38.55,176.0
2012-08-06,38.54,38.59,38.63,38.53,275.0
2012-08-07,38.59,38.65,38.65,38.59,214.0
2012-08-08,38.65,38.6,38.65,38.58,179.0
2012-08-09,38.6,38.52,38.6,38.52,222.0
2012-08-10,38.52,38.47,38.55,38.47,640.0
2012-08-13,38.47,38.41,38.47,38.37,1432.0
2012-08-14,38.43,38.44,38.44,38.37,733.0
2012-08-15,38.44,38.48,38.53,38.44,1451.0
2012-08-16,38.48,38.48,38.57,38.48,568.0
2012-08-17,38.48,38.49,38.49,38.45,473.0
2012-08-20,38.49,38.51,38.57,38.49,458.0
2012-08-21,38.51,38.66,38.66,38.51,885.0
2012-08-22,38.66,38.61,38.7,38.57,339.0
2012-08-23,38.61,38.66,38.66,38.6,243.0
2012-08-24,38.66,38.75,38.75,38.66,154.0
2012-08-27,38.69,38.73,38.79,38.69,279.0
2012-08-28,38.73,38.72,38.79,38.71,202.0
2012-08-29,38.72,38.82,38.82,38.71,103.0
2012-08-30,38.82,38.76,38.9,38.76,303.0
2012-08-31,38.76,38.8,38.8,38.73,141.0
2012-09-04,38.8,38.8,38.81,38.75,186.0
2012-09-05,38.8,38.86,38.9,38.8,368.0
2012-09-06,38.99,38.86,38.99,38.61,396.0
2012-09-07,38.86,39.0,39.16,38.86,541.0
2012-09-10,39.0,39.22,39.3,39.0,1159.0
2012-09-11,39.22,39.15,39.25,39.01,186.0
2012-09-12,39.13,39.04,39.13,39.04,84.0
2012-09-13,39.04,39.02,39.05,38.9,349.0
2012-09-14,39.02,38.89,39.02,38.89,134.0
2012-09-17,38.89,38.88,38.96,38.72,187.0
2012-09-18,38.88,38.5,38.9,38.5,915.0
2012-09-19,38.5,38.58,38.65,38.37,1193.0
2012-09-20,38.58,38.57,38.58,38.48,112.0
2012-09-21,38.7,38.68,38.74,38.56,96.0
2012-09-24,38.68,38.68,38.72,38.64,138.0
2012-09-25,38.68,38.63,38.68,38.58,124.0
2012-09-26,38.64,38.59,38.64,38.57,54.0
2012-09-27,38.59,38.59,38.63,38.59,30.0
2012-09-28,38.59,38.63,38.63,38.56,213.0
2012-10-01,38.63,38.56,38.64,38.56,95.0
2012-10-02,38.56,38.6,38.61,38.56,51.0
2012-10-03,38.6,38.52,38.6,38.51,108.0
2012-10-04,38.52,38.51,38.6,38.49,98.0
2012-10-05,38.51,38.58,38.58,38.51,30.0
2012-10-08,38.59,38.58,38.6,38.53,45.0
2012-10-09,38.58,38.57,38.58,38.53,64.0
2012-10-10,38.57,38.45,38.57,38.4,645.0
2012-10-11,38.45,38.51,38.56,38.45,107.0
2012-10-12,38.51,38.45,38.56,38.45,418.0
2012-10-15,38.42,38.45,38.57,38.42,252.0
2012-10-16,38.45,38.56,38.56,38.45,48.0
2012-10-17,38.56,38.51,38.56,38.5,44.0
2012-10-18,38.51,38.63,38.63,38.51,85.0
2012-10-19,38.63,38.7,38.7,38.5,174.0
2012-10-22,38.7,38.57,38.71,38.55,36.0
2012-10-23,38.57,38.57,38.6,38.57,8.0
2012-10-24,38.57,38.55,38.57,38.41,177.0
2012-10-25,38.55,38.47,38.6,38.46,42.0
2012-10-26,38.47,38.58,38.6,38.47,25.0
2012-10-31,38.58,38.59,38.65,38.51,76.0
2012-11-01,38.59,38.59,38.59,38.55,10.0
2012-11-02,38.59,38.78,38.78,38.59,234.0
2012-11-05,38.78,38.79,38.84,38.78,195.0
2012-11-06,38.78,38.73,38.78,38.72,74.0
2012-11-07,38.73,38.72,38.73,38.71,21.0
2012-11-08,38.72,38.7,38.72,38.61,224.0
2012-11-09,38.7,38.63,38.71,38.63,85.0
2012-11-12,38.63,38.62,38.64,38.61,75.0
2012-11-13,38.62,38.47,38.68,38.47,331.0
2012-11-14,38.47,38.53,38.68,38.45,512.0
2012-11-15,38.51,38.51,38.8,38.27,523.0
2012-11-16,38.51,38.52,38.61,38.5,279.0
2012-11-19,38.52,38.5,38.62,38.5,256.0
2012-11-20,38.5,38.6,38.6,38.5,540.0
2012-11-21,38.6,38.5,38.6,38.5,539.0
2012-11-23,38.5,38.55,38.55,38.5,113.0
2012-11-26,38.55,38.32,38.55,38.32,758.0
2012-11-27,38.32,38.3,38.43,38.29,662.0
2012-11-28,38.35,38.43,38.43,38.35,322.0
2012-11-29,38.43,38.44,38.44,38.35,120.0
2012-11-30,38.44,38.49,38.51,38.44,163.0
2012-12-03,38.49,38.3,38.49,38.3,256.0
2012-12-04,38.3,38.4,38.4,38.3,25.0
2012-12-05,38.4,38.4,38.4,38.36,71.0
2012-12-06,38.4,38.35,38.4,38.35,78.0
2012-12-07,38.35,38.4,38.4,38.35,52.0
2012-12-10,38.4,38.42,38.51,38.38,405.0
2012-12-11,38.42,38.46,38.53,38.42,119.0
2012-12-12,38.46,38.58,38.61,38.46,256.0
2012-12-13,38.58,38.51,38.65,38.51,56.0
2012-12-14,38.51,38.5,38.55,38.5,193.0
2012-12-17,38.5,38.4,38.5,38.4,321.0
2012-12-18,38.4,38.42,38.42,38.38,320.0
2012-12-19,38.42,38.42,38.44,38.38,96.0
2012-12-20,38.42,38.38,38.42,38.38,144.0
2012-12-21,38.38,38.4,38.41,38.37,51.0
2012-12-24,38.4,38.39,38.45,38.39,396.0
2012-12-26,38.39,38.4,38.4,38.39,189.0
2012-12-27,38.4,38.39,38.4,38.39,177.0
2012-12-28,38.39,38.37,38.45,38.37,329.0
2012-12-31,38.36,38.34,38.4,38.34,449.0
2013-01-02,38.34,38.27,38.35,38.27,468.0
2013-01-03,38.27,38.29,38.38,38.26,249.0
2013-01-04,38.29,38.3,38.39,38.28,201.0
2013-01-07,38.3,38.25,38.3,38.25,220.0
2013-01-08,38.25,38.3,38.43,38.25,213.0
2013-01-09,38.3,38.49,38.5,38.3,283.0
2013-01-10,38.49,38.43,38.5,38.42,303.0
2013-01-11,38.5,38.54,38.63,38.48,367.0
2013-01-14,38.59,38.54,38.6,38.54,255.0
2013-01-15,38.54,38.61,38.61,38.52,289.0
2013-01-16,38.61,38.74,38.75,38.6,600.0
2013-01-17,38.74,38.87,38.87,38.67,657.0
2013-01-18,38.87,38.79,38.88,38.77,238.0
2013-01-22,38.79,38.75,38.79,38.75,359.0
2013-01-23,38.75,38.75,38.77,38.67,578.0
2013-01-24,38.75,38.78,38.79,38.75,223.0
2013-01-25,38.78,38.87,38.88,38.78,732.0
2013-01-28,38.99,39.34,39.43,38.99,1608.0
2013-01-29,39.34,39.78,39.79,39.32,1574.0
2013-01-30,39.79,39.7,39.82,39.63,1486.0
2013-01-31,39.7,39.6,39.72,39.6,953.0
2013-02-01,39.6,39.71,39.73,39.6,623.0
2013-02-04,39.72,39.84,39.85,39.72,772.0
2013-02-05,39.84,39.87,39.87,39.78,930.0
2013-02-06,39.87,40.1,40.18,39.87,1883.0
2013-02-07,40.1,40.15,40.17,40.05,837.0
2013-02-08,40.15,39.97,40.15,39.85,1040.0
2013-02-11,39.97,39.85,39.97,39.82,216.0
2013-02-12,39.85,39.87,39.88,39.8,375.0
2013-02-13,39.87,39.7,39.87,39.63,504.0
2013-02-14,39.63,39.76,39.77,39.63,256.0
2013-02-15,39.76,39.68,39.76,39.62,440.0
2013-02-19,39.68,39.68,39.7,39.68,96.0
2013-02-20,39.68,39.71,39.71,39.65,314.0
2013-02-21,39.71,39.97,39.97,39.7,314.0
2013-02-22,39.97,39.93,39.99,39.91,361.0
2013-02-25,39.93,39.83,39.94,39.83,570.0
2013-02-26,39.83,39.83,39.9,39.83,96.0
2013-02-27,39.83,39.7,39.83,39.67,211.0
2013-02-28,39.7,39.83,39.83,39.7,179.0
2013-03-01,39.83,39.8,39.85,39.71,159.0
